
CH32V003F4P6_tank_sensor.elf:     file format elf32-littleriscv
CH32V003F4P6_tank_sensor.elf
architecture: riscv:rv32, flags 0x00000112:
EXEC_P, HAS_SYMS, D_PAGED
start address 0x00000000

Program Header:
    LOAD off    0x00001000 vaddr 0x00000000 paddr 0x00000000 align 2**12
         filesz 0x000000a0 memsz 0x000000a0 flags r-x
    LOAD off    0x00002000 vaddr 0x20000000 paddr 0x000000a0 align 2**12
         filesz 0x0000000c memsz 0x0000000c flags r-x
    LOAD off    0x000020ac vaddr 0x000000ac paddr 0x000000ac align 2**12
         filesz 0x00003758 memsz 0x00003758 flags r-x
    LOAD off    0x0000600c vaddr 0x2000000c paddr 0x00003804 align 2**12
         filesz 0x0000002c memsz 0x00000068 flags rw-
    LOAD off    0x00006700 vaddr 0x20000700 paddr 0x20000700 align 2**12
         filesz 0x00000000 memsz 0x00000100 flags rw-

Sections:
Idx Name          Size      VMA       LMA       File off  Algn
  0 .init         000000a0  00000000  00000000  00001000  2**2
                  CONTENTS, ALLOC, LOAD, READONLY, CODE
  1 .highcodelalign 00000000  000000a0  000000a0  00006038  2**0
                  CONTENTS
  2 .highcode     0000000c  20000000  000000a0  00002000  2**1
                  CONTENTS, ALLOC, LOAD, READONLY, CODE
  3 .text         00003758  000000ac  000000ac  000020ac  2**2
                  CONTENTS, ALLOC, LOAD, READONLY, CODE
  4 .fini         00000000  00003804  00003804  00006038  2**0
                  CONTENTS, ALLOC, LOAD, CODE
  5 .dalign       00000000  2000000c  2000000c  00006038  2**0
                  CONTENTS
  6 .dlalign      00000000  00003804  00003804  00006038  2**0
                  CONTENTS
  7 .data         0000002c  2000000c  00003804  0000600c  2**2
                  CONTENTS, ALLOC, LOAD, DATA
  8 .bss          0000003c  20000038  00003830  00006038  2**2
                  ALLOC
  9 .stack        00000100  20000700  20000700  00006700  2**0
                  ALLOC
 10 .debug_info   0000da30  00000000  00000000  00006038  2**0
                  CONTENTS, READONLY, DEBUGGING
 11 .debug_abbrev 00002656  00000000  00000000  00013a68  2**0
                  CONTENTS, READONLY, DEBUGGING
 12 .debug_loc    0000610a  00000000  00000000  000160be  2**0
                  CONTENTS, READONLY, DEBUGGING
 13 .debug_aranges 00000c30  00000000  00000000  0001c1c8  2**3
                  CONTENTS, READONLY, DEBUGGING
 14 .debug_ranges 00000fd0  00000000  00000000  0001cdf8  2**3
                  CONTENTS, READONLY, DEBUGGING
 15 .debug_line   00010058  00000000  00000000  0001ddc8  2**0
                  CONTENTS, READONLY, DEBUGGING
 16 .debug_str    000039ed  00000000  00000000  0002de20  2**0
                  CONTENTS, READONLY, DEBUGGING
 17 .comment      00000033  00000000  00000000  0003180d  2**0
                  CONTENTS, READONLY
 18 .debug_frame  00001ba4  00000000  00000000  00031840  2**2
                  CONTENTS, READONLY, DEBUGGING
SYMBOL TABLE:
00000000 l    d  .init	00000000 .init
000000a0 l    d  .highcodelalign	00000000 .highcodelalign
20000000 l    d  .highcode	00000000 .highcode
000000ac l    d  .text	00000000 .text
00003804 l    d  .fini	00000000 .fini
2000000c l    d  .dalign	00000000 .dalign
00003804 l    d  .dlalign	00000000 .dlalign
2000000c l    d  .data	00000000 .data
20000038 l    d  .bss	00000000 .bss
20000700 l    d  .stack	00000000 .stack
00000000 l    d  .debug_info	00000000 .debug_info
00000000 l    d  .debug_abbrev	00000000 .debug_abbrev
00000000 l    d  .debug_loc	00000000 .debug_loc
00000000 l    d  .debug_aranges	00000000 .debug_aranges
00000000 l    d  .debug_ranges	00000000 .debug_ranges
00000000 l    d  .debug_line	00000000 .debug_line
00000000 l    d  .debug_str	00000000 .debug_str
00000000 l    d  .comment	00000000 .comment
00000000 l    d  .debug_frame	00000000 .debug_frame
00000000 l    df *ABS*	00000000 core_riscv.c
00000000 l    df *ABS*	00000000 lora_sx1278.c
000001fe l     F .text	00000010 nss_low
0000020e l     F .text	00000036 spi_transfer
00000244 l     F .text	00000022 nss_high
00000000 l    df *ABS*	00000000 main.c
0000064c l     F .text	0000001c is_button_pressed
00000668 l     F .text	00000048 packet_matches_data_ack
000006b0 l     F .text	00000084 poll_button_action.constprop.9
000010e0 l     F .text	00000064 prepare_data_packet
0000149c l     F .text	000001e8 handle_button_action.constprop.5
00001752 l     F .text	00000110 send_data_with_retry.constprop.7
00001684 l     F .text	000000ce service_runtime_window.constprop.8
20000038 l     O .bss	00000001 g_button_event_pending
20000044 l     O .bss	0000001c g_runtime
20000060 l     O .bss	00000001 g_sensor_event_pending
00000000 l    df *ABS*	00000000 system_ch32v00x.c
00000000 l    df *ABS*	00000000 ch32v00x_adc.c
00000000 l    df *ABS*	00000000 ch32v00x_exti.c
00000000 l    df *ABS*	00000000 ch32v00x_flash.c
00000000 l    df *ABS*	00000000 ch32v00x_gpio.c
00000000 l    df *ABS*	00000000 ch32v00x_iwdg.c
00000000 l    df *ABS*	00000000 ch32v00x_misc.c
00000000 l    df *ABS*	00000000 ch32v00x_pwr.c
00000000 l    df *ABS*	00000000 ch32v00x_rcc.c
20000010 l     O .data	00000014 ADCPrescTable
20000024 l     O .data	00000010 APBAHBPrescTable
00000000 l    df *ABS*	00000000 ch32v00x_spi.c
00000000 l    df *ABS*	00000000 ch32v00x_tim.c
00000000 l    df *ABS*	00000000 ch32v00x_usart.c
00000000 l    df *ABS*	00000000 debug.c
20000070 l     O .bss	00000002 p_ms
20000072 l     O .bss	00000001 p_us
00000000 l    df *ABS*	00000000 wchprintf.c
0000289c  w    F .text	00000004 printDouble
00001f72 g     F .text	0000001a FLASH_Unlock
000028a0  w    F .text	00000360 print
00002c00  w    F .text	00000024 printf
20000838 g       .data	00000000 __global_pointer$
00001ca2  w      .text	00000000 TIM1_CC_IRQHandler
00002388 g     F .text	00000004 SPI_I2S_SendData
00001ca2  w      .text	00000000 HardFault_Handler
0000200e g     F .text	0000005a FLASH_ProgramWord
0000277e  w    F .text	0000011a printInt
00001ca2  w      .text	00000000 SysTick_Handler
00001dea g     F .text	0000000a ADC_StartCalibration
00002156 g     F .text	00000062 NVIC_Init
00001ca2  w      .text	00000000 PVD_IRQHandler
0000238c g     F .text	00000004 SPI_I2S_ReceiveData
00001ca2  w      .text	00000000 NMI_Handler
000021da g     F .text	0000001e PWR_AWU_SetWindowValue
20000064 g     O .bss	00000008 g_settings
00002522 g     F .text	0000000a USART_GetFlagStatus
20000038 g       .bss	00000000 _sbss
00000100 g       *ABS*	00000000 __stack_size
00001ed6 g     F .text	0000000a ADC_GetFlagStatus
0000259a g     F .text	0000005c USART_Printf_Init
00001fd2 g     F .text	0000003c FLASH_ErasePage
000000b6 g     F .text	0000000a .hidden __riscv_restore_2
00001144 g     F .text	00000358 run_pairing
00002128 g     F .text	00000008 IWDG_SetReload
00001dc8 g     F .text	00000010 ADC_Cmd
00002898  w    F .text	00000004 printLongLongInt
000023e8 g     F .text	00000018 TIM_Cmd
00002c24 g     F .text	0000004a puts
2000000c g     O .data	00000004 SystemCoreClock
000000e0 g     F .text	0000002c .hidden __udivsi3
000000a0 g       .init	00000000 _einit
0000242a g     F .text	0000000c TIM_ClearITPendingBit
000022c2 g     F .text	0000001e RCC_APB2PeriphClockCmd
00002068 g     F .text	0000007c GPIO_Init
000021f8 g     F .text	00000014 RCC_ADCCLKConfig
2000006c g     O .bss	00000004 NVIC_Priority_Group
00001ca2  w      .text	00000000 SPI1_IRQHandler
00001dd8 g     F .text	0000000a ADC_ResetCalibration
00002504 g     F .text	00000016 USART_Cmd
000000ac g     F .text	0000000a .hidden __riscv_save_1
000000b6 g     F .text	0000000a .hidden __riscv_restore_0
00000772 g     F .text	00000018 AWU_IRQHandler
00000266 g     F .text	00000020 lora_read_reg
00000806 g     F .text	00000020 EXTI7_0_IRQHandler
000004f2 g     F .text	000000ce lora_send
000002ec g     F .text	00000030 lora_power_up_rx
000022e0 g     F .text	0000001e RCC_APB1PeriphClockCmd
0000078a g     F .text	0000007c exti_init
20000700 g       .stack	00000000 _heap_end
000002d0 g     F .text	0000000e lora_power_down
00002390 g     F .text	0000000a SPI_I2S_GetFlagStatus
00001ca2  w      .text	00000000 DMA1_Channel4_IRQHandler
00001e14 g     F .text	000000ba ADC_RegularChannelConfig
00001ca2  w      .text	00000000 ADC1_IRQHandler
00001ece g     F .text	00000008 ADC_GetConversionValue
00001084 g     F .text	0000005c flash_save_settings
00001f8c g     F .text	0000000e FLASH_Lock
00002130 g     F .text	0000000e IWDG_ReloadCounter
00001f68 g     F .text	0000000a EXTI_ClearITPendingBit
00001df4 g     F .text	00000008 ADC_GetCalibrationStatus
20000074 g       .bss	00000000 _ebss
00001ca2  w      .text	00000000 DMA1_Channel7_IRQHandler
00001dfc g     F .text	00000018 ADC_SoftwareStartConvCmd
00001de2 g     F .text	00000008 ADC_GetResetCalibrationStatus
00000e22 g     F .text	00000182 read_battery_level
0000252c g     F .text	00000034 Delay_Init
0000231c g     F .text	00000020 RCC_GetFlagStatus
00000882 g     F .text	00000072 timer_init
000020ee g     F .text	00000004 GPIO_SetBits
0000010c g     F .text	00000008 .hidden __umodsi3
00001ca2  w      .text	00000000 I2C1_EV_IRQHandler
000002a6 g     F .text	0000002a lora_reset
00002412 g     F .text	00000018 TIM_GetITStatus
00002220 g     F .text	000000a2 RCC_GetClocksFreq
00001ca2  w      .text	00000000 DMA1_Channel6_IRQHandler
00002436 g     F .text	000000ce USART_Init
2000003c g     O .bss	00000004 g_millis
00001ca2  w      .text	00000000 RCC_IRQHandler
00001ca2  w      .text	00000000 TIM1_TRG_COM_IRQHandler
00001ca2  w      .text	00000000 DMA1_Channel1_IRQHandler
00002118 g     F .text	00000008 IWDG_WriteAccessCmd
00000000 g       .init	00000000 _start
00001fb2 g     F .text	00000020 FLASH_WaitForLastOperation
00002690  w    F .text	000000ee prints
00002400 g     F .text	00000012 TIM_ITConfig
0000213e g     F .text	00000018 IWDG_Enable
20000000 g       .highcode	00000000 _highcode_vma_start
00001ee0 g     F .text	0000006a EXTI_Init
000000c0 g     F .text	00000014 .hidden __mulsi3
00000984 g     F .text	00000136 read_internal_probes
20000000 g     F .highcode	0000000a WFE
000020f2 g     F .text	00000004 GPIO_ResetBits
2000000c g       .dalign	00000000 _data_vma
00000aba g     F .text	0000002e read_tank_level
000002de g     F .text	0000000e lora_power_up_tx
000020f6 g     F .text	00000022 GPIO_EXTILineConfig
00000fa4 g     F .text	00000024 generate_new_tank_id
000005ce g     F .text	0000007e lora_read
00001f4a g     F .text	0000001e EXTI_GetITStatus
00000826 g     F .text	00000034 iwdg_init
00000156 g     F .text	000000a8 memset
000021cc g     F .text	0000000e PWR_AWU_SetPrescaler
00001862 g     F .text	000003c2 main
000005c0 g     F .text	0000000e lora_available
00000b6e g     F .text	0000024a enter_deep_sleep
00000db8 g     F .text	0000006a get_adc_val
00001ca2  w      .text	00000000 DMA1_Channel5_IRQHandler
000000d8 g     F .text	00000058 .hidden __divsi3
00002560 g     F .text	0000003a Delay_Ms
0000236e g     F .text	0000001a SPI_Cmd
000000a0 g       .highcodelalign	00000000 _highcode_lma
00001c24 g     F .text	00000042 SystemInit
00002646  w    F .text	0000004a printchar
00000000 g       .init	00000000 _sinit
00001ca2  w      .text	00000000 DMA1_Channel3_IRQHandler
00001ca2  w      .text	00000000 TIM1_UP_IRQHandler
00000ae8 g     F .text	00000086 adc_init
00000fc8 g     F .text	00000044 calculate_checksum
00001ca2  w      .text	00000000 WWDG_IRQHandler
0000085a g     F .text	00000028 TIM2_IRQHandler
20000800 g       .stack	00000000 _eusrstack
000000ac g     F .text	0000000a .hidden __riscv_save_2
00001ca2  w      .text	00000000 SW_Handler
00001d54 g     F .text	00000026 ADC_DeInit
00001ca2  w      .text	00000000 TIM1_BRK_IRQHandler
00001d7a g     F .text	0000004e ADC_Init
0000251a g     F .text	00000008 USART_SendData
000025f6 g     F .text	00000050 _write
20000038 g       .data	00000000 _edata
20000074 g       .bss	00000000 _end
00000286 g     F .text	00000020 lora_write_reg
2000000c g       .highcode	00000000 _highcode_vma_end
0000239a g     F .text	0000004e TIM_TimeBaseInit
20000040 g     O .bss	00000001 g_probe_fault
00003804 g       .dlalign	00000000 _data_lma
00001c66 g     F .text	0000003c SystemCoreClockUpdate
00000130 g     F .text	00000024 .hidden __modsi3
00001ca2  w      .text	00000000 DMA1_Channel2_IRQHandler
00001ca4  w      .text	00000000 handle_reset
00002120 g     F .text	00000008 IWDG_SetPrescaler
00001ca2  w      .text	00000000 FLASH_IRQHandler
000000ac g     F .text	0000000a .hidden __riscv_save_0
00001ca2  w      .text	00000000 USART1_IRQHandler
0000220c g     F .text	00000014 RCC_LSICmd
000022fe g     F .text	0000001e RCC_APB2PeriphResetCmd
00001ca2  w      .text	00000000 I2C1_ER_IRQHandler
0000233c g     F .text	00000032 SPI_Init
000008f4 g     F .text	00000090 gpio_init
00000734 g     F .text	0000003e pwr_sleep_init
000000b6 g     F .text	0000000a .hidden __riscv_restore_1
0000100c g     F .text	00000078 flash_read_settings
000021b8 g     F .text	00000014 PWR_AutoWakeUpCmd
000020e4 g     F .text	0000000a GPIO_ReadInputDataBit
00001f9a g     F .text	00000018 FLASH_GetBank1Status
0000031c g     F .text	000001d6 lora_init



Disassembly of section .init:

00000000 <_sinit>:
   0:	4a50106f          	j	1ca4 <handle_reset>
   4:	0000                	unimp
   6:	0000                	unimp
   8:	1ca2                	slli	s9,s9,0x28
   a:	0000                	unimp
   c:	1ca2                	slli	s9,s9,0x28
	...
  2e:	0000                	unimp
  30:	1ca2                	slli	s9,s9,0x28
  32:	0000                	unimp
  34:	0000                	unimp
  36:	0000                	unimp
  38:	1ca2                	slli	s9,s9,0x28
  3a:	0000                	unimp
  3c:	0000                	unimp
  3e:	0000                	unimp
  40:	1ca2                	slli	s9,s9,0x28
  42:	0000                	unimp
  44:	1ca2                	slli	s9,s9,0x28
  46:	0000                	unimp
  48:	1ca2                	slli	s9,s9,0x28
  4a:	0000                	unimp
  4c:	1ca2                	slli	s9,s9,0x28
  4e:	0000                	unimp
  50:	0806                	slli	a6,a6,0x1
  52:	0000                	unimp
  54:	0772                	slli	a4,a4,0x1c
  56:	0000                	unimp
  58:	1ca2                	slli	s9,s9,0x28
  5a:	0000                	unimp
  5c:	1ca2                	slli	s9,s9,0x28
  5e:	0000                	unimp
  60:	1ca2                	slli	s9,s9,0x28
  62:	0000                	unimp
  64:	1ca2                	slli	s9,s9,0x28
  66:	0000                	unimp
  68:	1ca2                	slli	s9,s9,0x28
  6a:	0000                	unimp
  6c:	1ca2                	slli	s9,s9,0x28
  6e:	0000                	unimp
  70:	1ca2                	slli	s9,s9,0x28
  72:	0000                	unimp
  74:	1ca2                	slli	s9,s9,0x28
  76:	0000                	unimp
  78:	1ca2                	slli	s9,s9,0x28
  7a:	0000                	unimp
  7c:	1ca2                	slli	s9,s9,0x28
  7e:	0000                	unimp
  80:	1ca2                	slli	s9,s9,0x28
  82:	0000                	unimp
  84:	1ca2                	slli	s9,s9,0x28
  86:	0000                	unimp
  88:	1ca2                	slli	s9,s9,0x28
  8a:	0000                	unimp
  8c:	1ca2                	slli	s9,s9,0x28
  8e:	0000                	unimp
  90:	1ca2                	slli	s9,s9,0x28
  92:	0000                	unimp
  94:	1ca2                	slli	s9,s9,0x28
  96:	0000                	unimp
  98:	085a                	slli	a6,a6,0x16
  9a:	0000                	unimp
  9c:	0000                	unimp
	...

Disassembly of section .highcode:

20000000 <WFE>:
20000000:	10500073          	wfi
20000004:	157d                	addi	a0,a0,-1
20000006:	fd7d                	bnez	a0,20000004 <WFE+0x4>
20000008:	8082                	ret
	...

Disassembly of section .text:

000000ac <__riscv_save_0>:
      ac:	1151                	addi	sp,sp,-12
      ae:	c026                	sw	s1,0(sp)
      b0:	c222                	sw	s0,4(sp)
      b2:	c406                	sw	ra,8(sp)
      b4:	8282                	jr	t0

000000b6 <__riscv_restore_0>:
      b6:	4482                	lw	s1,0(sp)
      b8:	4412                	lw	s0,4(sp)
      ba:	40a2                	lw	ra,8(sp)
      bc:	0131                	addi	sp,sp,12
      be:	8082                	ret

000000c0 <__mulsi3>:
      c0:	862a                	mv	a2,a0
      c2:	4501                	li	a0,0
      c4:	0015f693          	andi	a3,a1,1
      c8:	c291                	beqz	a3,cc <__mulsi3+0xc>
      ca:	9532                	add	a0,a0,a2
      cc:	8185                	srli	a1,a1,0x1
      ce:	0606                	slli	a2,a2,0x1
      d0:	f9f5                	bnez	a1,c4 <__mulsi3+0x4>
      d2:	8082                	ret
      d4:	0000                	unimp
	...

000000d8 <__divsi3>:
      d8:	02054e63          	bltz	a0,114 <__umodsi3+0x8>
      dc:	0405c363          	bltz	a1,122 <__umodsi3+0x16>

000000e0 <__udivsi3>:
      e0:	862e                	mv	a2,a1
      e2:	85aa                	mv	a1,a0
      e4:	557d                	li	a0,-1
      e6:	c215                	beqz	a2,10a <__stack_size+0xa>
      e8:	4685                	li	a3,1
      ea:	00b67863          	bgeu	a2,a1,fa <__udivsi3+0x1a>
      ee:	00c05663          	blez	a2,fa <__udivsi3+0x1a>
      f2:	0606                	slli	a2,a2,0x1
      f4:	0686                	slli	a3,a3,0x1
      f6:	feb66ce3          	bltu	a2,a1,ee <__udivsi3+0xe>
      fa:	4501                	li	a0,0
      fc:	00c5e463          	bltu	a1,a2,104 <__stack_size+0x4>
     100:	8d91                	sub	a1,a1,a2
     102:	8d55                	or	a0,a0,a3
     104:	8285                	srli	a3,a3,0x1
     106:	8205                	srli	a2,a2,0x1
     108:	faf5                	bnez	a3,fc <__udivsi3+0x1c>
     10a:	8082                	ret

0000010c <__umodsi3>:
     10c:	8286                	mv	t0,ra
     10e:	3fc9                	jal	e0 <__udivsi3>
     110:	852e                	mv	a0,a1
     112:	8282                	jr	t0
     114:	40a00533          	neg	a0,a0
     118:	0005d763          	bgez	a1,126 <__umodsi3+0x1a>
     11c:	40b005b3          	neg	a1,a1
     120:	b7c1                	j	e0 <__udivsi3>
     122:	40b005b3          	neg	a1,a1
     126:	8286                	mv	t0,ra
     128:	3f65                	jal	e0 <__udivsi3>
     12a:	40a00533          	neg	a0,a0
     12e:	8282                	jr	t0

00000130 <__modsi3>:
     130:	8286                	mv	t0,ra
     132:	0005c763          	bltz	a1,140 <__modsi3+0x10>
     136:	00054963          	bltz	a0,148 <__modsi3+0x18>
     13a:	375d                	jal	e0 <__udivsi3>
     13c:	852e                	mv	a0,a1
     13e:	8282                	jr	t0
     140:	40b005b3          	neg	a1,a1
     144:	fe055be3          	bgez	a0,13a <__modsi3+0xa>
     148:	40a00533          	neg	a0,a0
     14c:	3f51                	jal	e0 <__udivsi3>
     14e:	40b00533          	neg	a0,a1
     152:	8282                	jr	t0
	...

00000156 <memset>:
     156:	433d                	li	t1,15
     158:	872a                	mv	a4,a0
     15a:	02c37363          	bgeu	t1,a2,180 <memset+0x2a>
     15e:	00f77793          	andi	a5,a4,15
     162:	efbd                	bnez	a5,1e0 <memset+0x8a>
     164:	e5ad                	bnez	a1,1ce <memset+0x78>
     166:	ff067693          	andi	a3,a2,-16
     16a:	8a3d                	andi	a2,a2,15
     16c:	96ba                	add	a3,a3,a4
     16e:	c30c                	sw	a1,0(a4)
     170:	c34c                	sw	a1,4(a4)
     172:	c70c                	sw	a1,8(a4)
     174:	c74c                	sw	a1,12(a4)
     176:	0741                	addi	a4,a4,16
     178:	fed76be3          	bltu	a4,a3,16e <memset+0x18>
     17c:	e211                	bnez	a2,180 <memset+0x2a>
     17e:	8082                	ret
     180:	40c306b3          	sub	a3,t1,a2
     184:	068a                	slli	a3,a3,0x2
     186:	00000297          	auipc	t0,0x0
     18a:	9696                	add	a3,a3,t0
     18c:	00a68067          	jr	10(a3)
     190:	00b70723          	sb	a1,14(a4)
     194:	00b706a3          	sb	a1,13(a4)
     198:	00b70623          	sb	a1,12(a4)
     19c:	00b705a3          	sb	a1,11(a4)
     1a0:	00b70523          	sb	a1,10(a4)
     1a4:	00b704a3          	sb	a1,9(a4)
     1a8:	00b70423          	sb	a1,8(a4)
     1ac:	00b703a3          	sb	a1,7(a4)
     1b0:	00b70323          	sb	a1,6(a4)
     1b4:	00b702a3          	sb	a1,5(a4)
     1b8:	00b70223          	sb	a1,4(a4)
     1bc:	00b701a3          	sb	a1,3(a4)
     1c0:	00b70123          	sb	a1,2(a4)
     1c4:	00b700a3          	sb	a1,1(a4)
     1c8:	00b70023          	sb	a1,0(a4)
     1cc:	8082                	ret
     1ce:	0ff5f593          	andi	a1,a1,255
     1d2:	00859693          	slli	a3,a1,0x8
     1d6:	8dd5                	or	a1,a1,a3
     1d8:	01059693          	slli	a3,a1,0x10
     1dc:	8dd5                	or	a1,a1,a3
     1de:	b761                	j	166 <memset+0x10>
     1e0:	00279693          	slli	a3,a5,0x2
     1e4:	00000297          	auipc	t0,0x0
     1e8:	9696                	add	a3,a3,t0
     1ea:	8286                	mv	t0,ra
     1ec:	fa8680e7          	jalr	-88(a3)
     1f0:	8096                	mv	ra,t0
     1f2:	17c1                	addi	a5,a5,-16
     1f4:	8f1d                	sub	a4,a4,a5
     1f6:	963e                	add	a2,a2,a5
     1f8:	f8c374e3          	bgeu	t1,a2,180 <memset+0x2a>
     1fc:	b7a5                	j	164 <memset+0xe>

000001fe <nss_low>:
     1fe:	eafff2ef          	jal	t0,ac <__riscv_save_0>
     202:	45a1                	li	a1,8
     204:	40011537          	lui	a0,0x40011
     208:	6eb010ef          	jal	ra,20f2 <GPIO_ResetBits>
     20c:	b56d                	j	b6 <__riscv_restore_0>

0000020e <spi_transfer>:
     20e:	e9fff2ef          	jal	t0,ac <__riscv_save_0>
     212:	842a                	mv	s0,a0
     214:	4589                	li	a1,2
     216:	40013537          	lui	a0,0x40013
     21a:	176020ef          	jal	ra,2390 <SPI_I2S_GetFlagStatus>
     21e:	d97d                	beqz	a0,214 <spi_transfer+0x6>
     220:	85a2                	mv	a1,s0
     222:	40013537          	lui	a0,0x40013
     226:	162020ef          	jal	ra,2388 <SPI_I2S_SendData>
     22a:	4585                	li	a1,1
     22c:	40013537          	lui	a0,0x40013
     230:	160020ef          	jal	ra,2390 <SPI_I2S_GetFlagStatus>
     234:	d97d                	beqz	a0,22a <spi_transfer+0x1c>
     236:	40013537          	lui	a0,0x40013
     23a:	152020ef          	jal	ra,238c <SPI_I2S_ReceiveData>
     23e:	0ff57513          	andi	a0,a0,255
     242:	bd95                	j	b6 <__riscv_restore_0>

00000244 <nss_high>:
     244:	e69ff2ef          	jal	t0,ac <__riscv_save_0>
     248:	08000593          	li	a1,128
     24c:	40013537          	lui	a0,0x40013
     250:	140020ef          	jal	ra,2390 <SPI_I2S_GetFlagStatus>
     254:	4785                	li	a5,1
     256:	fef509e3          	beq	a0,a5,248 <nss_high+0x4>
     25a:	45a1                	li	a1,8
     25c:	40011537          	lui	a0,0x40011
     260:	68f010ef          	jal	ra,20ee <GPIO_SetBits>
     264:	bd89                	j	b6 <__riscv_restore_0>

00000266 <lora_read_reg>:
     266:	e47ff2ef          	jal	t0,ac <__riscv_save_0>
     26a:	1171                	addi	sp,sp,-4
     26c:	c02a                	sw	a0,0(sp)
     26e:	3f41                	jal	1fe <nss_low>
     270:	4502                	lw	a0,0(sp)
     272:	07f57513          	andi	a0,a0,127
     276:	3f61                	jal	20e <spi_transfer>
     278:	4501                	li	a0,0
     27a:	3f51                	jal	20e <spi_transfer>
     27c:	c02a                	sw	a0,0(sp)
     27e:	37d9                	jal	244 <nss_high>
     280:	4502                	lw	a0,0(sp)
     282:	0111                	addi	sp,sp,4
     284:	bd0d                	j	b6 <__riscv_restore_0>

00000286 <lora_write_reg>:
     286:	e27ff2ef          	jal	t0,ac <__riscv_save_0>
     28a:	1161                	addi	sp,sp,-8
     28c:	c02e                	sw	a1,0(sp)
     28e:	c22a                	sw	a0,4(sp)
     290:	37bd                	jal	1fe <nss_low>
     292:	4512                	lw	a0,4(sp)
     294:	08056513          	ori	a0,a0,128
     298:	3f9d                	jal	20e <spi_transfer>
     29a:	4582                	lw	a1,0(sp)
     29c:	852e                	mv	a0,a1
     29e:	3f85                	jal	20e <spi_transfer>
     2a0:	3755                	jal	244 <nss_high>
     2a2:	0121                	addi	sp,sp,8
     2a4:	bd09                	j	b6 <__riscv_restore_0>

000002a6 <lora_reset>:
     2a6:	e07ff2ef          	jal	t0,ac <__riscv_save_0>
     2aa:	40011437          	lui	s0,0x40011
     2ae:	45c1                	li	a1,16
     2b0:	40040513          	addi	a0,s0,1024 # 40011400 <__global_pointer$+0x20010bc8>
     2b4:	63f010ef          	jal	ra,20f2 <GPIO_ResetBits>
     2b8:	4529                	li	a0,10
     2ba:	2a6020ef          	jal	ra,2560 <Delay_Ms>
     2be:	45c1                	li	a1,16
     2c0:	40040513          	addi	a0,s0,1024
     2c4:	62b010ef          	jal	ra,20ee <GPIO_SetBits>
     2c8:	4551                	li	a0,20
     2ca:	296020ef          	jal	ra,2560 <Delay_Ms>
     2ce:	b3e5                	j	b6 <__riscv_restore_0>

000002d0 <lora_power_down>:
     2d0:	dddff2ef          	jal	t0,ac <__riscv_save_0>
     2d4:	08800593          	li	a1,136
     2d8:	4505                	li	a0,1
     2da:	3775                	jal	286 <lora_write_reg>
     2dc:	bbe9                	j	b6 <__riscv_restore_0>

000002de <lora_power_up_tx>:
     2de:	dcfff2ef          	jal	t0,ac <__riscv_save_0>
     2e2:	08900593          	li	a1,137
     2e6:	4505                	li	a0,1
     2e8:	3f79                	jal	286 <lora_write_reg>
     2ea:	b3f1                	j	b6 <__riscv_restore_0>

000002ec <lora_power_up_rx>:
     2ec:	dc1ff2ef          	jal	t0,ac <__riscv_save_0>
     2f0:	08900593          	li	a1,137
     2f4:	4505                	li	a0,1
     2f6:	3f41                	jal	286 <lora_write_reg>
     2f8:	4509                	li	a0,2
     2fa:	266020ef          	jal	ra,2560 <Delay_Ms>
     2fe:	4581                	li	a1,0
     300:	453d                	li	a0,15
     302:	3751                	jal	286 <lora_write_reg>
     304:	4581                	li	a1,0
     306:	4535                	li	a0,13
     308:	3fbd                	jal	286 <lora_write_reg>
     30a:	0ff00593          	li	a1,255
     30e:	4549                	li	a0,18
     310:	3f9d                	jal	286 <lora_write_reg>
     312:	08d00593          	li	a1,141
     316:	4505                	li	a0,1
     318:	37bd                	jal	286 <lora_write_reg>
     31a:	bb71                	j	b6 <__riscv_restore_0>

0000031c <lora_init>:
     31c:	d91ff2ef          	jal	t0,ac <__riscv_save_0>
     320:	00003537          	lui	a0,0x3
     324:	1101                	addi	sp,sp,-32
     326:	c7050513          	addi	a0,a0,-912 # 2c70 <puts+0x4c>
     32a:	0fb020ef          	jal	ra,2c24 <puts>
     32e:	00003537          	lui	a0,0x3
     332:	c9c50513          	addi	a0,a0,-868 # 2c9c <puts+0x78>
     336:	0ef020ef          	jal	ra,2c24 <puts>
     33a:	6505                	lui	a0,0x1
     33c:	4585                	li	a1,1
     33e:	03150513          	addi	a0,a0,49 # 1031 <flash_read_settings+0x25>
     342:	c002                	sw	zero,0(sp)
     344:	c202                	sw	zero,4(sp)
     346:	c402                	sw	zero,8(sp)
     348:	c602                	sw	zero,12(sp)
     34a:	c802                	sw	zero,16(sp)
     34c:	ca02                	sw	zero,20(sp)
     34e:	cc02                	sw	zero,24(sp)
     350:	00011e23          	sh	zero,28(sp)
     354:	76f010ef          	jal	ra,22c2 <RCC_APB2PeriphClockCmd>
     358:	06000793          	li	a5,96
     35c:	807c                	sh	a5,0(sp)
     35e:	44e1                	li	s1,24
     360:	478d                	li	a5,3
     362:	858a                	mv	a1,sp
     364:	40011537          	lui	a0,0x40011
     368:	c23e                	sw	a5,4(sp)
     36a:	c426                	sw	s1,8(sp)
     36c:	4fd010ef          	jal	ra,2068 <GPIO_Init>
     370:	08000793          	li	a5,128
     374:	807c                	sh	a5,0(sp)
     376:	858a                	mv	a1,sp
     378:	04800793          	li	a5,72
     37c:	40011537          	lui	a0,0x40011
     380:	c43e                	sw	a5,8(sp)
     382:	4e7010ef          	jal	ra,2068 <GPIO_Init>
     386:	47a1                	li	a5,8
     388:	4441                	li	s0,16
     38a:	858a                	mv	a1,sp
     38c:	40011537          	lui	a0,0x40011
     390:	807c                	sh	a5,0(sp)
     392:	c422                	sw	s0,8(sp)
     394:	4d5010ef          	jal	ra,2068 <GPIO_Init>
     398:	45a1                	li	a1,8
     39a:	40011537          	lui	a0,0x40011
     39e:	551010ef          	jal	ra,20ee <GPIO_SetBits>
     3a2:	8060                	sh	s0,0(sp)
     3a4:	c422                	sw	s0,8(sp)
     3a6:	40011437          	lui	s0,0x40011
     3aa:	40040513          	addi	a0,s0,1024 # 40011400 <__global_pointer$+0x20010bc8>
     3ae:	858a                	mv	a1,sp
     3b0:	4b9010ef          	jal	ra,2068 <GPIO_Init>
     3b4:	40040513          	addi	a0,s0,1024
     3b8:	45c1                	li	a1,16
     3ba:	535010ef          	jal	ra,20ee <GPIO_SetBits>
     3be:	010407b7          	lui	a5,0x1040
     3c2:	c63e                	sw	a5,12(sp)
     3c4:	020007b7          	lui	a5,0x2000
     3c8:	ca3e                	sw	a5,20(sp)
     3ca:	006c                	addi	a1,sp,12
     3cc:	479d                	li	a5,7
     3ce:	40013537          	lui	a0,0x40013
     3d2:	86fc                	sh	a5,28(sp)
     3d4:	c802                	sw	zero,16(sp)
     3d6:	cc26                	sw	s1,24(sp)
     3d8:	765010ef          	jal	ra,233c <SPI_Init>
     3dc:	4585                	li	a1,1
     3de:	40013537          	lui	a0,0x40013
     3e2:	78d010ef          	jal	ra,236e <SPI_Cmd>
     3e6:	00003537          	lui	a0,0x3
     3ea:	cc850513          	addi	a0,a0,-824 # 2cc8 <puts+0xa4>
     3ee:	037020ef          	jal	ra,2c24 <puts>
     3f2:	3d55                	jal	2a6 <lora_reset>
     3f4:	04200513          	li	a0,66
     3f8:	35bd                	jal	266 <lora_read_reg>
     3fa:	85aa                	mv	a1,a0
     3fc:	842a                	mv	s0,a0
     3fe:	00003537          	lui	a0,0x3
     402:	cec50513          	addi	a0,a0,-788 # 2cec <puts+0xc8>
     406:	7fa020ef          	jal	ra,2c00 <printf>
     40a:	47c9                	li	a5,18
     40c:	00f40b63          	beq	s0,a5,422 <lora_init+0x106>
     410:	00003537          	lui	a0,0x3
     414:	d2450513          	addi	a0,a0,-732 # 2d24 <puts+0x100>
     418:	00d020ef          	jal	ra,2c24 <puts>
     41c:	4505                	li	a0,1
     41e:	6105                	addi	sp,sp,32
     420:	b959                	j	b6 <__riscv_restore_0>
     422:	4581                	li	a1,0
     424:	4505                	li	a0,1
     426:	3585                	jal	286 <lora_write_reg>
     428:	453d                	li	a0,15
     42a:	136020ef          	jal	ra,2560 <Delay_Ms>
     42e:	08800593          	li	a1,136
     432:	4505                	li	a0,1
     434:	3d89                	jal	286 <lora_write_reg>
     436:	453d                	li	a0,15
     438:	128020ef          	jal	ra,2560 <Delay_Ms>
     43c:	06c00593          	li	a1,108
     440:	4519                	li	a0,6
     442:	3591                	jal	286 <lora_write_reg>
     444:	04000593          	li	a1,64
     448:	451d                	li	a0,7
     44a:	3d35                	jal	286 <lora_write_reg>
     44c:	4581                	li	a1,0
     44e:	4521                	li	a0,8
     450:	3d1d                	jal	286 <lora_write_reg>
     452:	4581                	li	a1,0
     454:	4539                	li	a0,14
     456:	3d05                	jal	286 <lora_write_reg>
     458:	4581                	li	a1,0
     45a:	453d                	li	a0,15
     45c:	352d                	jal	286 <lora_write_reg>
     45e:	02300593          	li	a1,35
     462:	4531                	li	a0,12
     464:	350d                	jal	286 <lora_write_reg>
     466:	4591                	li	a1,4
     468:	02600513          	li	a0,38
     46c:	3d29                	jal	286 <lora_write_reg>
     46e:	07600593          	li	a1,118
     472:	4575                	li	a0,29
     474:	3d09                	jal	286 <lora_write_reg>
     476:	07400593          	li	a1,116
     47a:	4579                	li	a0,30
     47c:	3529                	jal	286 <lora_write_reg>
     47e:	458d                	li	a1,3
     480:	03100513          	li	a0,49
     484:	3509                	jal	286 <lora_write_reg>
     486:	45a9                	li	a1,10
     488:	03700513          	li	a0,55
     48c:	3bed                	jal	286 <lora_write_reg>
     48e:	45c9                	li	a1,18
     490:	03900513          	li	a0,57
     494:	3bcd                	jal	286 <lora_write_reg>
     496:	45a1                	li	a1,8
     498:	4529                	li	a0,10
     49a:	33f5                	jal	286 <lora_write_reg>
     49c:	08f00593          	li	a1,143
     4a0:	4525                	li	a0,9
     4a2:	33d5                	jal	286 <lora_write_reg>
     4a4:	08400593          	li	a1,132
     4a8:	04d00513          	li	a0,77
     4ac:	3be9                	jal	286 <lora_write_reg>
     4ae:	02b00593          	li	a1,43
     4b2:	452d                	li	a0,11
     4b4:	3bc9                	jal	286 <lora_write_reg>
     4b6:	08900593          	li	a1,137
     4ba:	4505                	li	a0,1
     4bc:	33e9                	jal	286 <lora_write_reg>
     4be:	453d                	li	a0,15
     4c0:	0a0020ef          	jal	ra,2560 <Delay_Ms>
     4c4:	4505                	li	a0,1
     4c6:	3345                	jal	266 <lora_read_reg>
     4c8:	85aa                	mv	a1,a0
     4ca:	00003537          	lui	a0,0x3
     4ce:	d6c50513          	addi	a0,a0,-660 # 2d6c <puts+0x148>
     4d2:	72e020ef          	jal	ra,2c00 <printf>
     4d6:	00003537          	lui	a0,0x3
     4da:	da050513          	addi	a0,a0,-608 # 2da0 <puts+0x17c>
     4de:	746020ef          	jal	ra,2c24 <puts>
     4e2:	00003537          	lui	a0,0x3
     4e6:	df450513          	addi	a0,a0,-524 # 2df4 <puts+0x1d0>
     4ea:	73a020ef          	jal	ra,2c24 <puts>
     4ee:	4501                	li	a0,0
     4f0:	b73d                	j	41e <lora_init+0x102>

000004f2 <lora_send>:
     4f2:	bbbff2ef          	jal	t0,ac <__riscv_save_0>
     4f6:	10000793          	li	a5,256
     4fa:	1171                	addi	sp,sp,-4
     4fc:	842a                	mv	s0,a0
     4fe:	10000493          	li	s1,256
     502:	00b7e363          	bltu	a5,a1,508 <lora_send+0x16>
     506:	84ae                	mv	s1,a1
     508:	08900593          	li	a1,137
     50c:	4505                	li	a0,1
     50e:	3ba5                	jal	286 <lora_write_reg>
     510:	4579                	li	a0,30
     512:	04e020ef          	jal	ra,2560 <Delay_Ms>
     516:	4581                	li	a1,0
     518:	4535                	li	a0,13
     51a:	33b5                	jal	286 <lora_write_reg>
     51c:	31cd                	jal	1fe <nss_low>
     51e:	08000513          	li	a0,128
     522:	31f5                	jal	20e <spi_transfer>
     524:	009407b3          	add	a5,s0,s1
     528:	04879c63          	bne	a5,s0,580 <lora_send+0x8e>
     52c:	3b21                	jal	244 <nss_high>
     52e:	0ff4f593          	andi	a1,s1,255
     532:	02200513          	li	a0,34
     536:	3b81                	jal	286 <lora_write_reg>
     538:	0ff00593          	li	a1,255
     53c:	4549                	li	a0,18
     53e:	33a1                	jal	286 <lora_write_reg>
     540:	08b00593          	li	a1,139
     544:	4505                	li	a0,1
     546:	3381                	jal	286 <lora_write_reg>
     548:	32000413          	li	s0,800
     54c:	4549                	li	a0,18
     54e:	3b21                	jal	266 <lora_read_reg>
     550:	00857793          	andi	a5,a0,8
     554:	cf85                	beqz	a5,58c <lora_send+0x9a>
     556:	c02a                	sw	a0,0(sp)
     558:	45a1                	li	a1,8
     55a:	4549                	li	a0,18
     55c:	332d                	jal	286 <lora_write_reg>
     55e:	08900593          	li	a1,137
     562:	4505                	li	a0,1
     564:	330d                	jal	286 <lora_write_reg>
     566:	4602                	lw	a2,0(sp)
     568:	32000593          	li	a1,800
     56c:	00003537          	lui	a0,0x3
     570:	8d81                	sub	a1,a1,s0
     572:	e5c50513          	addi	a0,a0,-420 # 2e5c <puts+0x238>
     576:	68a020ef          	jal	ra,2c00 <printf>
     57a:	4501                	li	a0,0
     57c:	0111                	addi	sp,sp,4
     57e:	be25                	j	b6 <__riscv_restore_0>
     580:	2008                	lbu	a0,0(s0)
     582:	c03e                	sw	a5,0(sp)
     584:	0405                	addi	s0,s0,1
     586:	3161                	jal	20e <spi_transfer>
     588:	4782                	lw	a5,0(sp)
     58a:	bf79                	j	528 <lora_send+0x36>
     58c:	147d                	addi	s0,s0,-1
     58e:	0442                	slli	s0,s0,0x10
     590:	4505                	li	a0,1
     592:	8041                	srli	s0,s0,0x10
     594:	7cd010ef          	jal	ra,2560 <Delay_Ms>
     598:	f855                	bnez	s0,54c <lora_send+0x5a>
     59a:	4505                	li	a0,1
     59c:	31e9                	jal	266 <lora_read_reg>
     59e:	c02a                	sw	a0,0(sp)
     5a0:	4549                	li	a0,18
     5a2:	31d1                	jal	266 <lora_read_reg>
     5a4:	4582                	lw	a1,0(sp)
     5a6:	862a                	mv	a2,a0
     5a8:	00003537          	lui	a0,0x3
     5ac:	e9450513          	addi	a0,a0,-364 # 2e94 <puts+0x270>
     5b0:	650020ef          	jal	ra,2c00 <printf>
     5b4:	4505                	li	a0,1
     5b6:	08900593          	li	a1,137
     5ba:	31f1                	jal	286 <lora_write_reg>
     5bc:	4505                	li	a0,1
     5be:	bf7d                	j	57c <lora_send+0x8a>

000005c0 <lora_available>:
     5c0:	aedff2ef          	jal	t0,ac <__riscv_save_0>
     5c4:	4549                	li	a0,18
     5c6:	3145                	jal	266 <lora_read_reg>
     5c8:	8119                	srli	a0,a0,0x6
     5ca:	8905                	andi	a0,a0,1
     5cc:	b4ed                	j	b6 <__riscv_restore_0>

000005ce <lora_read>:
     5ce:	adfff2ef          	jal	t0,ac <__riscv_save_0>
     5d2:	1161                	addi	sp,sp,-8
     5d4:	c22a                	sw	a0,4(sp)
     5d6:	4549                	li	a0,18
     5d8:	84ae                	mv	s1,a1
     5da:	3171                	jal	266 <lora_read_reg>
     5dc:	04057513          	andi	a0,a0,64
     5e0:	4401                	li	s0,0
     5e2:	c909                	beqz	a0,5f4 <lora_read+0x26>
     5e4:	454d                	li	a0,19
     5e6:	3141                	jal	266 <lora_read_reg>
     5e8:	842a                	mv	s0,a0
     5ea:	e901                	bnez	a0,5fa <lora_read+0x2c>
     5ec:	0ff00593          	li	a1,255
     5f0:	4549                	li	a0,18
     5f2:	3951                	jal	286 <lora_write_reg>
     5f4:	8522                	mv	a0,s0
     5f6:	0121                	addi	sp,sp,8
     5f8:	bc7d                	j	b6 <__riscv_restore_0>
     5fa:	4541                	li	a0,16
     5fc:	31ad                	jal	266 <lora_read_reg>
     5fe:	c02a                	sw	a0,0(sp)
     600:	85aa                	mv	a1,a0
     602:	4535                	li	a0,13
     604:	3149                	jal	286 <lora_write_reg>
     606:	87a2                	mv	a5,s0
     608:	0ff47413          	andi	s0,s0,255
     60c:	0084f363          	bgeu	s1,s0,612 <lora_read+0x44>
     610:	87a6                	mv	a5,s1
     612:	0ff7f413          	andi	s0,a5,255
     616:	36e5                	jal	1fe <nss_low>
     618:	4501                	li	a0,0
     61a:	3ed5                	jal	20e <spi_transfer>
     61c:	4481                	li	s1,0
     61e:	0284e063          	bltu	s1,s0,63e <lora_read+0x70>
     622:	310d                	jal	244 <nss_high>
     624:	0ff00593          	li	a1,255
     628:	4549                	li	a0,18
     62a:	39b1                	jal	286 <lora_write_reg>
     62c:	4602                	lw	a2,0(sp)
     62e:	00003537          	lui	a0,0x3
     632:	85a2                	mv	a1,s0
     634:	e2050513          	addi	a0,a0,-480 # 2e20 <puts+0x1fc>
     638:	5c8020ef          	jal	ra,2c00 <printf>
     63c:	bf65                	j	5f4 <lora_read+0x26>
     63e:	4501                	li	a0,0
     640:	36f9                	jal	20e <spi_transfer>
     642:	4792                	lw	a5,4(sp)
     644:	97a6                	add	a5,a5,s1
     646:	a388                	sb	a0,0(a5)
     648:	0485                	addi	s1,s1,1
     64a:	bfd1                	j	61e <lora_read+0x50>

0000064c <is_button_pressed>:
     64c:	a61ff2ef          	jal	t0,ac <__riscv_save_0>
     650:	40011537          	lui	a0,0x40011
     654:	04000593          	li	a1,64
     658:	40050513          	addi	a0,a0,1024 # 40011400 <__global_pointer$+0x20010bc8>
     65c:	289010ef          	jal	ra,20e4 <GPIO_ReadInputDataBit>
     660:	00153513          	seqz	a0,a0
     664:	a53ff06f          	j	b6 <__riscv_restore_0>

00000668 <packet_matches_data_ack>:
     668:	2114                	lbu	a3,0(a0)
     66a:	0aa00713          	li	a4,170
     66e:	87aa                	mv	a5,a0
     670:	02e69e63          	bne	a3,a4,6ac <packet_matches_data_ack+0x44>
     674:	3114                	lbu	a3,1(a0)
     676:	05500713          	li	a4,85
     67a:	4501                	li	a0,0
     67c:	02e69963          	bne	a3,a4,6ae <packet_matches_data_ack+0x46>
     680:	23b4                	lbu	a3,2(a5)
     682:	470d                	li	a4,3
     684:	02e69563          	bne	a3,a4,6ae <packet_matches_data_ack+0x46>
     688:	33d4                	lbu	a3,5(a5)
     68a:	23ea                	lhu	a0,6(a5)
     68c:	279a                	lhu	a4,8(a5)
     68e:	23d0                	lbu	a2,4(a5)
     690:	82e1d783          	lhu	a5,-2002(gp) # 20000066 <g_settings+0x2>
     694:	06a2                	slli	a3,a3,0x8
     696:	0742                	slli	a4,a4,0x10
     698:	8ed1                	or	a3,a3,a2
     69a:	8f49                	or	a4,a4,a0
     69c:	4501                	li	a0,0
     69e:	00d79863          	bne	a5,a3,6ae <packet_matches_data_ack+0x46>
     6a2:	40e58533          	sub	a0,a1,a4
     6a6:	00153513          	seqz	a0,a0
     6aa:	8082                	ret
     6ac:	4501                	li	a0,0
     6ae:	8082                	ret

000006b0 <poll_button_action.constprop.9>:
     6b0:	9fdff2ef          	jal	t0,ac <__riscv_save_0>
     6b4:	3f61                	jal	64c <is_button_pressed>
     6b6:	80c18413          	addi	s0,gp,-2036 # 20000044 <g_runtime>
     6ba:	cd15                	beqz	a0,6f6 <poll_button_action.constprop.9+0x46>
     6bc:	200007b7          	lui	a5,0x20000
     6c0:	03c7a483          	lw	s1,60(a5) # 2000003c <g_millis>
     6c4:	401c                	lw	a5,0(s0)
     6c6:	eb81                	bnez	a5,6d6 <poll_button_action.constprop.9+0x26>
     6c8:	00003537          	lui	a0,0x3
     6cc:	4a050513          	addi	a0,a0,1184 # 34a0 <puts+0x87c>
     6d0:	c004                	sw	s1,0(s0)
     6d2:	552020ef          	jal	ra,2c24 <puts>
     6d6:	205c                	lbu	a5,4(s0)
     6d8:	c399                	beqz	a5,6de <poll_button_action.constprop.9+0x2e>
     6da:	4501                	li	a0,0
     6dc:	a819                	j	6f2 <poll_button_action.constprop.9+0x42>
     6de:	401c                	lw	a5,0(s0)
     6e0:	8c9d                	sub	s1,s1,a5
     6e2:	6785                	lui	a5,0x1
     6e4:	38778793          	addi	a5,a5,903 # 1387 <run_pairing+0x243>
     6e8:	fe97f9e3          	bgeu	a5,s1,6da <poll_button_action.constprop.9+0x2a>
     6ec:	4785                	li	a5,1
     6ee:	a05c                	sb	a5,4(s0)
     6f0:	450d                	li	a0,3
     6f2:	9c5ff06f          	j	b6 <__riscv_restore_0>
     6f6:	4008                	lw	a0,0(s0)
     6f8:	d16d                	beqz	a0,6da <poll_button_action.constprop.9+0x2a>
     6fa:	200007b7          	lui	a5,0x20000
     6fe:	2058                	lbu	a4,4(s0)
     700:	03c7a783          	lw	a5,60(a5) # 2000003c <g_millis>
     704:	00042023          	sw	zero,0(s0)
     708:	c701                	beqz	a4,710 <poll_button_action.constprop.9+0x60>
     70a:	00040223          	sb	zero,4(s0)
     70e:	b7f1                	j	6da <poll_button_action.constprop.9+0x2a>
     710:	777d                	lui	a4,0xfffff
     712:	8f89                	sub	a5,a5,a0
     714:	44870713          	addi	a4,a4,1096 # fffff448 <__global_pointer$+0xdfffec10>
     718:	973e                	add	a4,a4,a5
     71a:	7cf00693          	li	a3,1999
     71e:	4509                	li	a0,2
     720:	fce6f9e3          	bgeu	a3,a4,6f2 <poll_button_action.constprop.9+0x42>
     724:	6505                	lui	a0,0x1
     726:	fce78793          	addi	a5,a5,-50
     72a:	b8650513          	addi	a0,a0,-1146 # b86 <enter_deep_sleep+0x18>
     72e:	00a7b533          	sltu	a0,a5,a0
     732:	b7c1                	j	6f2 <poll_button_action.constprop.9+0x42>

00000734 <pwr_sleep_init>:
     734:	979ff2ef          	jal	t0,ac <__riscv_save_0>
     738:	10000537          	lui	a0,0x10000
     73c:	1161                	addi	sp,sp,-8
     73e:	4585                	li	a1,1
     740:	3a1010ef          	jal	ra,22e0 <RCC_APB1PeriphClockCmd>
     744:	4505                	li	a0,1
     746:	2c7010ef          	jal	ra,220c <RCC_LSICmd>
     74a:	06100513          	li	a0,97
     74e:	3cf010ef          	jal	ra,231c <RCC_GetFlagStatus>
     752:	dd65                	beqz	a0,74a <pwr_sleep_init+0x16>
     754:	11500793          	li	a5,277
     758:	00011123          	sh	zero,2(sp)
     75c:	807c                	sh	a5,0(sp)
     75e:	4785                	li	a5,1
     760:	815c                	sb	a5,2(sp)
     762:	850a                	mv	a0,sp
     764:	4785                	li	a5,1
     766:	c23e                	sw	a5,4(sp)
     768:	1ef010ef          	jal	ra,2156 <NVIC_Init>
     76c:	0121                	addi	sp,sp,8
     76e:	949ff06f          	j	b6 <__riscv_restore_0>

00000772 <AWU_IRQHandler>:
     772:	20000513          	li	a0,512
     776:	7f2010ef          	jal	ra,1f68 <EXTI_ClearITPendingBit>
     77a:	e000e7b7          	lui	a5,0xe000e
     77e:	00200737          	lui	a4,0x200
     782:	28e7a023          	sw	a4,640(a5) # e000e280 <__global_pointer$+0xc000da48>
     786:	30200073          	mret

0000078a <exti_init>:
     78a:	923ff2ef          	jal	t0,ac <__riscv_save_0>
     78e:	1121                	addi	sp,sp,-24
     790:	4585                	li	a1,1
     792:	4505                	li	a0,1
     794:	32f010ef          	jal	ra,22c2 <RCC_APB2PeriphClockCmd>
     798:	4585                	li	a1,1
     79a:	10000537          	lui	a0,0x10000
     79e:	343010ef          	jal	ra,22e0 <RCC_APB1PeriphClockCmd>
     7a2:	4599                	li	a1,6
     7a4:	450d                	li	a0,3
     7a6:	c402                	sw	zero,8(sp)
     7a8:	c602                	sw	zero,12(sp)
     7aa:	c802                	sw	zero,16(sp)
     7ac:	ca02                	sw	zero,20(sp)
     7ae:	c002                	sw	zero,0(sp)
     7b0:	c202                	sw	zero,4(sp)
     7b2:	145010ef          	jal	ra,20f6 <GPIO_EXTILineConfig>
     7b6:	04000793          	li	a5,64
     7ba:	4405                	li	s0,1
     7bc:	c43e                	sw	a5,8(sp)
     7be:	0028                	addi	a0,sp,8
     7c0:	47b1                	li	a5,12
     7c2:	c83e                	sw	a5,16(sp)
     7c4:	ca22                	sw	s0,20(sp)
     7c6:	c602                	sw	zero,12(sp)
     7c8:	718010ef          	jal	ra,1ee0 <EXTI_Init>
     7cc:	20000793          	li	a5,512
     7d0:	c43e                	sw	a5,8(sp)
     7d2:	0028                	addi	a0,sp,8
     7d4:	47a1                	li	a5,8
     7d6:	c83e                	sw	a5,16(sp)
     7d8:	ca22                	sw	s0,20(sp)
     7da:	c602                	sw	zero,12(sp)
     7dc:	704010ef          	jal	ra,1ee0 <EXTI_Init>
     7e0:	11400793          	li	a5,276
     7e4:	850a                	mv	a0,sp
     7e6:	807c                	sh	a5,0(sp)
     7e8:	8140                	sb	s0,2(sp)
     7ea:	c222                	sw	s0,4(sp)
     7ec:	16b010ef          	jal	ra,2156 <NVIC_Init>
     7f0:	11500793          	li	a5,277
     7f4:	850a                	mv	a0,sp
     7f6:	807c                	sh	a5,0(sp)
     7f8:	8140                	sb	s0,2(sp)
     7fa:	c222                	sw	s0,4(sp)
     7fc:	15b010ef          	jal	ra,2156 <NVIC_Init>
     800:	0161                	addi	sp,sp,24
     802:	8b5ff06f          	j	b6 <__riscv_restore_0>

00000806 <EXTI7_0_IRQHandler>:
     806:	04000513          	li	a0,64
     80a:	740010ef          	jal	ra,1f4a <EXTI_GetITStatus>
     80e:	c911                	beqz	a0,822 <EXTI7_0_IRQHandler+0x1c>
     810:	200007b7          	lui	a5,0x20000
     814:	4705                	li	a4,1
     816:	04000513          	li	a0,64
     81a:	02e78c23          	sb	a4,56(a5) # 20000038 <_edata>
     81e:	74a010ef          	jal	ra,1f68 <EXTI_ClearITPendingBit>
     822:	30200073          	mret

00000826 <iwdg_init>:
     826:	887ff2ef          	jal	t0,ac <__riscv_save_0>
     82a:	6515                	lui	a0,0x5
     82c:	55550513          	addi	a0,a0,1365 # 5555 <_data_lma+0x1d51>
     830:	0e9010ef          	jal	ra,2118 <IWDG_WriteAccessCmd>
     834:	4519                	li	a0,6
     836:	0eb010ef          	jal	ra,2120 <IWDG_SetPrescaler>
     83a:	6505                	lui	a0,0x1
     83c:	157d                	addi	a0,a0,-1
     83e:	0eb010ef          	jal	ra,2128 <IWDG_SetReload>
     842:	0ef010ef          	jal	ra,2130 <IWDG_ReloadCounter>
     846:	0f9010ef          	jal	ra,213e <IWDG_Enable>
     84a:	00003537          	lui	a0,0x3
     84e:	10450513          	addi	a0,a0,260 # 3104 <puts+0x4e0>
     852:	3d2020ef          	jal	ra,2c24 <puts>
     856:	861ff06f          	j	b6 <__riscv_restore_0>

0000085a <TIM2_IRQHandler>:
     85a:	4585                	li	a1,1
     85c:	40000537          	lui	a0,0x40000
     860:	3b3010ef          	jal	ra,2412 <TIM_GetITStatus>
     864:	cd09                	beqz	a0,87e <TIM2_IRQHandler+0x24>
     866:	200007b7          	lui	a5,0x20000
     86a:	03c78793          	addi	a5,a5,60 # 2000003c <g_millis>
     86e:	4398                	lw	a4,0(a5)
     870:	4585                	li	a1,1
     872:	40000537          	lui	a0,0x40000
     876:	0705                	addi	a4,a4,1
     878:	c398                	sw	a4,0(a5)
     87a:	3b1010ef          	jal	ra,242a <TIM_ClearITPendingBit>
     87e:	30200073          	mret

00000882 <timer_init>:
     882:	82bff2ef          	jal	t0,ac <__riscv_save_0>
     886:	1131                	addi	sp,sp,-20
     888:	4585                	li	a1,1
     88a:	4505                	li	a0,1
     88c:	c402                	sw	zero,8(sp)
     88e:	c602                	sw	zero,12(sp)
     890:	00011823          	sh	zero,16(sp)
     894:	c002                	sw	zero,0(sp)
     896:	c202                	sw	zero,4(sp)
     898:	249010ef          	jal	ra,22e0 <RCC_APB1PeriphClockCmd>
     89c:	200007b7          	lui	a5,0x20000
     8a0:	00c7a503          	lw	a0,12(a5) # 2000000c <_highcode_vma_end>
     8a4:	6589                	lui	a1,0x2
     8a6:	71058593          	addi	a1,a1,1808 # 2710 <prints+0x80>
     8aa:	837ff0ef          	jal	ra,e0 <__udivsi3>
     8ae:	157d                	addi	a0,a0,-1
     8b0:	47a5                	li	a5,9
     8b2:	8468                	sh	a0,8(sp)
     8b4:	002c                	addi	a1,sp,8
     8b6:	40000537          	lui	a0,0x40000
     8ba:	c63e                	sw	a5,12(sp)
     8bc:	00011523          	sh	zero,10(sp)
     8c0:	2db010ef          	jal	ra,239a <TIM_TimeBaseInit>
     8c4:	4605                	li	a2,1
     8c6:	4585                	li	a1,1
     8c8:	40000537          	lui	a0,0x40000
     8cc:	335010ef          	jal	ra,2400 <TIM_ITConfig>
     8d0:	02600793          	li	a5,38
     8d4:	807c                	sh	a5,0(sp)
     8d6:	4785                	li	a5,1
     8d8:	815c                	sb	a5,2(sp)
     8da:	850a                	mv	a0,sp
     8dc:	4785                	li	a5,1
     8de:	c23e                	sw	a5,4(sp)
     8e0:	077010ef          	jal	ra,2156 <NVIC_Init>
     8e4:	4585                	li	a1,1
     8e6:	40000537          	lui	a0,0x40000
     8ea:	2ff010ef          	jal	ra,23e8 <TIM_Cmd>
     8ee:	0151                	addi	sp,sp,20
     8f0:	fc6ff06f          	j	b6 <__riscv_restore_0>

000008f4 <gpio_init>:
     8f4:	fb8ff2ef          	jal	t0,ac <__riscv_save_0>
     8f8:	1151                	addi	sp,sp,-12
     8fa:	4585                	li	a1,1
     8fc:	02400513          	li	a0,36
     900:	40011437          	lui	s0,0x40011
     904:	c002                	sw	zero,0(sp)
     906:	c202                	sw	zero,4(sp)
     908:	c402                	sw	zero,8(sp)
     90a:	1b9010ef          	jal	ra,22c2 <RCC_APB2PeriphClockCmd>
     90e:	04000793          	li	a5,64
     912:	04800493          	li	s1,72
     916:	858a                	mv	a1,sp
     918:	40040513          	addi	a0,s0,1024 # 40011400 <__global_pointer$+0x20010bc8>
     91c:	807c                	sh	a5,0(sp)
     91e:	c426                	sw	s1,8(sp)
     920:	748010ef          	jal	ra,2068 <GPIO_Init>
     924:	4791                	li	a5,4
     926:	4741                	li	a4,16
     928:	807c                	sh	a5,0(sp)
     92a:	858a                	mv	a1,sp
     92c:	478d                	li	a5,3
     92e:	40040513          	addi	a0,s0,1024
     932:	c43a                	sw	a4,8(sp)
     934:	c23e                	sw	a5,4(sp)
     936:	732010ef          	jal	ra,2068 <GPIO_Init>
     93a:	40040513          	addi	a0,s0,1024
     93e:	4591                	li	a1,4
     940:	7b2010ef          	jal	ra,20f2 <GPIO_ResetBits>
     944:	46a1                	li	a3,8
     946:	4741                	li	a4,16
     948:	478d                	li	a5,3
     94a:	858a                	mv	a1,sp
     94c:	40040513          	addi	a0,s0,1024
     950:	8074                	sh	a3,0(sp)
     952:	c43a                	sw	a4,8(sp)
     954:	c23e                	sw	a5,4(sp)
     956:	712010ef          	jal	ra,2068 <GPIO_Init>
     95a:	40040513          	addi	a0,s0,1024
     95e:	45a1                	li	a1,8
     960:	78e010ef          	jal	ra,20ee <GPIO_SetBits>
     964:	4585                	li	a1,1
     966:	4541                	li	a0,16
     968:	15b010ef          	jal	ra,22c2 <RCC_APB2PeriphClockCmd>
     96c:	47dd                	li	a5,23
     96e:	858a                	mv	a1,sp
     970:	40011537          	lui	a0,0x40011
     974:	807c                	sh	a5,0(sp)
     976:	c426                	sw	s1,8(sp)
     978:	6f0010ef          	jal	ra,2068 <GPIO_Init>
     97c:	3539                	jal	78a <exti_init>
     97e:	0131                	addi	sp,sp,12
     980:	f36ff06f          	j	b6 <__riscv_restore_0>

00000984 <read_internal_probes>:
     984:	f28ff2ef          	jal	t0,ac <__riscv_save_0>
     988:	1141                	addi	sp,sp,-16
     98a:	c62a                	sw	a0,12(sp)
     98c:	40011537          	lui	a0,0x40011
     990:	45a1                	li	a1,8
     992:	40050513          	addi	a0,a0,1024 # 40011400 <__global_pointer$+0x20010bc8>
     996:	75c010ef          	jal	ra,20f2 <GPIO_ResetBits>
     99a:	4529                	li	a0,10
     99c:	3c5010ef          	jal	ra,2560 <Delay_Ms>
     9a0:	4795                	li	a5,5
     9a2:	c43e                	sw	a5,8(sp)
     9a4:	c202                	sw	zero,4(sp)
     9a6:	c002                	sw	zero,0(sp)
     9a8:	4481                	li	s1,0
     9aa:	4401                	li	s0,0
     9ac:	4585                	li	a1,1
     9ae:	40011537          	lui	a0,0x40011
     9b2:	732010ef          	jal	ra,20e4 <GPIO_ReadInputDataBit>
     9b6:	e501                	bnez	a0,9be <read_internal_probes+0x3a>
     9b8:	0405                	addi	s0,s0,1
     9ba:	0ff47413          	andi	s0,s0,255
     9be:	4589                	li	a1,2
     9c0:	40011537          	lui	a0,0x40011
     9c4:	720010ef          	jal	ra,20e4 <GPIO_ReadInputDataBit>
     9c8:	e501                	bnez	a0,9d0 <read_internal_probes+0x4c>
     9ca:	0485                	addi	s1,s1,1
     9cc:	0ff4f493          	andi	s1,s1,255
     9d0:	4591                	li	a1,4
     9d2:	40011537          	lui	a0,0x40011
     9d6:	70e010ef          	jal	ra,20e4 <GPIO_ReadInputDataBit>
     9da:	e511                	bnez	a0,9e6 <read_internal_probes+0x62>
     9dc:	4782                	lw	a5,0(sp)
     9de:	0785                	addi	a5,a5,1
     9e0:	0ff7f793          	andi	a5,a5,255
     9e4:	c03e                	sw	a5,0(sp)
     9e6:	45c1                	li	a1,16
     9e8:	40011537          	lui	a0,0x40011
     9ec:	6f8010ef          	jal	ra,20e4 <GPIO_ReadInputDataBit>
     9f0:	e511                	bnez	a0,9fc <read_internal_probes+0x78>
     9f2:	4792                	lw	a5,4(sp)
     9f4:	0785                	addi	a5,a5,1
     9f6:	0ff7f793          	andi	a5,a5,255
     9fa:	c23e                	sw	a5,4(sp)
     9fc:	4509                	li	a0,2
     9fe:	363010ef          	jal	ra,2560 <Delay_Ms>
     a02:	47a2                	lw	a5,8(sp)
     a04:	17fd                	addi	a5,a5,-1
     a06:	c43e                	sw	a5,8(sp)
     a08:	f3d5                	bnez	a5,9ac <read_internal_probes+0x28>
     a0a:	40011537          	lui	a0,0x40011
     a0e:	45a1                	li	a1,8
     a10:	40050513          	addi	a0,a0,1024 # 40011400 <__global_pointer$+0x20010bc8>
     a14:	6da010ef          	jal	ra,20ee <GPIO_SetBits>
     a18:	4505                	li	a0,1
     a1a:	347010ef          	jal	ra,2560 <Delay_Ms>
     a1e:	4792                	lw	a5,4(sp)
     a20:	4702                	lw	a4,0(sp)
     a22:	00003537          	lui	a0,0x3
     a26:	86a6                	mv	a3,s1
     a28:	8622                	mv	a2,s0
     a2a:	4595                	li	a1,5
     a2c:	54850513          	addi	a0,a0,1352 # 3548 <puts+0x924>
     a30:	1d0020ef          	jal	ra,2c00 <printf>
     a34:	4792                	lw	a5,4(sp)
     a36:	4709                	li	a4,2
     a38:	02f77e63          	bgeu	a4,a5,a74 <read_internal_probes+0xf0>
     a3c:	4682                	lw	a3,0(sp)
     a3e:	4781                	li	a5,0
     a40:	00d76363          	bltu	a4,a3,a46 <read_internal_probes+0xc2>
     a44:	4791                	li	a5,4
     a46:	4709                	li	a4,2
     a48:	00976463          	bltu	a4,s1,a50 <read_internal_probes+0xcc>
     a4c:	0027e793          	ori	a5,a5,2
     a50:	4709                	li	a4,2
     a52:	00876463          	bltu	a4,s0,a5a <read_internal_probes+0xd6>
     a56:	0017e793          	ori	a5,a5,1
     a5a:	4732                	lw	a4,12(sp)
     a5c:	c719                	beqz	a4,a6a <read_internal_probes+0xe6>
     a5e:	4732                	lw	a4,12(sp)
     a60:	a31c                	sb	a5,0(a4)
     a62:	4712                	lw	a4,4(sp)
     a64:	4789                	li	a5,2
     a66:	02e7f563          	bgeu	a5,a4,a90 <read_internal_probes+0x10c>
     a6a:	06400513          	li	a0,100
     a6e:	0141                	addi	sp,sp,16
     a70:	e46ff06f          	j	b6 <__riscv_restore_0>
     a74:	4782                	lw	a5,0(sp)
     a76:	02f77c63          	bgeu	a4,a5,aae <read_internal_probes+0x12a>
     a7a:	4781                	li	a5,0
     a7c:	00976363          	bltu	a4,s1,a82 <read_internal_probes+0xfe>
     a80:	4789                	li	a5,2
     a82:	4709                	li	a4,2
     a84:	00876463          	bltu	a4,s0,a8c <read_internal_probes+0x108>
     a88:	0017e793          	ori	a5,a5,1
     a8c:	4732                	lw	a4,12(sp)
     a8e:	fb61                	bnez	a4,a5e <read_internal_probes+0xda>
     a90:	4702                	lw	a4,0(sp)
     a92:	4789                	li	a5,2
     a94:	04b00513          	li	a0,75
     a98:	fce7ebe3          	bltu	a5,a4,a6e <read_internal_probes+0xea>
     a9c:	03200513          	li	a0,50
     aa0:	fc97e7e3          	bltu	a5,s1,a6e <read_internal_probes+0xea>
     aa4:	4501                	li	a0,0
     aa6:	fc87f4e3          	bgeu	a5,s0,a6e <read_internal_probes+0xea>
     aaa:	4565                	li	a0,25
     aac:	b7c9                	j	a6e <read_internal_probes+0xea>
     aae:	4781                	li	a5,0
     ab0:	fc977ee3          	bgeu	a4,s1,a8c <read_internal_probes+0x108>
     ab4:	00343793          	sltiu	a5,s0,3
     ab8:	bfd1                	j	a8c <read_internal_probes+0x108>

00000aba <read_tank_level>:
     aba:	df2ff2ef          	jal	t0,ac <__riscv_save_0>
     abe:	1171                	addi	sp,sp,-4
     ac0:	00310513          	addi	a0,sp,3
     ac4:	000101a3          	sb	zero,3(sp)
     ac8:	3d75                	jal	984 <read_internal_probes>
     aca:	8198                	lbu	a4,3(sp)
     acc:	842a                	mv	s0,a0
     ace:	85aa                	mv	a1,a0
     ad0:	00003537          	lui	a0,0x3
     ad4:	59450513          	addi	a0,a0,1428 # 3594 <puts+0x970>
     ad8:	80e18423          	sb	a4,-2040(gp) # 20000040 <g_probe_fault>
     adc:	124020ef          	jal	ra,2c00 <printf>
     ae0:	8522                	mv	a0,s0
     ae2:	0111                	addi	sp,sp,4
     ae4:	dd2ff06f          	j	b6 <__riscv_restore_0>

00000ae8 <adc_init>:
     ae8:	dc4ff2ef          	jal	t0,ac <__riscv_save_0>
     aec:	1121                	addi	sp,sp,-24
     aee:	4661                	li	a2,24
     af0:	4581                	li	a1,0
     af2:	850a                	mv	a0,sp
     af4:	e62ff0ef          	jal	ra,156 <memset>
     af8:	4585                	li	a1,1
     afa:	20000513          	li	a0,512
     afe:	7c4010ef          	jal	ra,22c2 <RCC_APB2PeriphClockCmd>
     b02:	6531                	lui	a0,0xc
     b04:	40012437          	lui	s0,0x40012
     b08:	6f0010ef          	jal	ra,21f8 <RCC_ADCCLKConfig>
     b0c:	40040513          	addi	a0,s0,1024 # 40012400 <__global_pointer$+0x20011bc8>
     b10:	244010ef          	jal	ra,1d54 <ADC_DeInit>
     b14:	000e07b7          	lui	a5,0xe0
     b18:	c63e                	sw	a5,12(sp)
     b1a:	858a                	mv	a1,sp
     b1c:	4785                	li	a5,1
     b1e:	40040513          	addi	a0,s0,1024
     b22:	00f10a23          	sb	a5,20(sp)
     b26:	c002                	sw	zero,0(sp)
     b28:	c202                	sw	zero,4(sp)
     b2a:	c402                	sw	zero,8(sp)
     b2c:	c802                	sw	zero,16(sp)
     b2e:	24c010ef          	jal	ra,1d7a <ADC_Init>
     b32:	4585                	li	a1,1
     b34:	40040513          	addi	a0,s0,1024
     b38:	290010ef          	jal	ra,1dc8 <ADC_Cmd>
     b3c:	40040513          	addi	a0,s0,1024
     b40:	298010ef          	jal	ra,1dd8 <ADC_ResetCalibration>
     b44:	40040493          	addi	s1,s0,1024
     b48:	8526                	mv	a0,s1
     b4a:	298010ef          	jal	ra,1de2 <ADC_GetResetCalibrationStatus>
     b4e:	fd6d                	bnez	a0,b48 <adc_init+0x60>
     b50:	40040513          	addi	a0,s0,1024
     b54:	40012437          	lui	s0,0x40012
     b58:	292010ef          	jal	ra,1dea <ADC_StartCalibration>
     b5c:	40040413          	addi	s0,s0,1024 # 40012400 <__global_pointer$+0x20011bc8>
     b60:	8522                	mv	a0,s0
     b62:	292010ef          	jal	ra,1df4 <ADC_GetCalibrationStatus>
     b66:	fd6d                	bnez	a0,b60 <adc_init+0x78>
     b68:	0161                	addi	sp,sp,24
     b6a:	d4cff06f          	j	b6 <__riscv_restore_0>

00000b6e <enter_deep_sleep>:
     b6e:	d3eff2ef          	jal	t0,ac <__riscv_save_0>
     b72:	85aa                	mv	a1,a0
     b74:	842a                	mv	s0,a0
     b76:	00003537          	lui	a0,0x3
     b7a:	1161                	addi	sp,sp,-8
     b7c:	ed850513          	addi	a0,a0,-296 # 2ed8 <puts+0x2b4>
     b80:	080020ef          	jal	ra,2c00 <printf>
     b84:	4515                	li	a0,5
     b86:	1db010ef          	jal	ra,2560 <Delay_Ms>
     b8a:	400114b7          	lui	s1,0x40011
     b8e:	40048513          	addi	a0,s1,1024 # 40011400 <__global_pointer$+0x20010bc8>
     b92:	45a1                	li	a1,8
     b94:	55a010ef          	jal	ra,20ee <GPIO_SetBits>
     b98:	40048513          	addi	a0,s1,1024
     b9c:	4591                	li	a1,4
     b9e:	554010ef          	jal	ra,20f2 <GPIO_ResetBits>
     ba2:	f2eff0ef          	jal	ra,2d0 <lora_power_down>
     ba6:	4581                	li	a1,0
     ba8:	40000537          	lui	a0,0x40000
     bac:	03d010ef          	jal	ra,23e8 <TIM_Cmd>
     bb0:	4601                	li	a2,0
     bb2:	4585                	li	a1,1
     bb4:	40000537          	lui	a0,0x40000
     bb8:	049010ef          	jal	ra,2400 <TIM_ITConfig>
     bbc:	e000e7b7          	lui	a5,0xe000e
     bc0:	04000713          	li	a4,64
     bc4:	18e7a223          	sw	a4,388(a5) # e000e184 <__global_pointer$+0xc000d94c>
     bc8:	0000100f          	fence.i
     bcc:	28e7a223          	sw	a4,644(a5)
     bd0:	4705                	li	a4,1
     bd2:	4791                	li	a5,4
     bd4:	c03a                	sw	a4,0(sp)
     bd6:	0087f963          	bgeu	a5,s0,be8 <enter_deep_sleep+0x7a>
     bda:	4595                	li	a1,5
     bdc:	8522                	mv	a0,s0
     bde:	d02ff0ef          	jal	ra,e0 <__udivsi3>
     be2:	0ff57793          	andi	a5,a0,255
     be6:	c03e                	sw	a5,0(sp)
     be8:	4585                	li	a1,1
     bea:	10000537          	lui	a0,0x10000
     bee:	6f2010ef          	jal	ra,22e0 <RCC_APB1PeriphClockCmd>
     bf2:	4401                	li	s0,0
     bf4:	e000f4b7          	lui	s1,0xe000f
     bf8:	453d                	li	a0,15
     bfa:	5d2010ef          	jal	ra,21cc <PWR_AWU_SetPrescaler>
     bfe:	4529                	li	a0,10
     c00:	5da010ef          	jal	ra,21da <PWR_AWU_SetWindowValue>
     c04:	4505                	li	a0,1
     c06:	5b2010ef          	jal	ra,21b8 <PWR_AutoWakeUpCmd>
     c0a:	40010737          	lui	a4,0x40010
     c0e:	567d                	li	a2,-1
     c10:	40c72a23          	sw	a2,1044(a4) # 40010414 <__global_pointer$+0x2000fbdc>
     c14:	24000513          	li	a0,576
     c18:	350010ef          	jal	ra,1f68 <EXTI_ClearITPendingBit>
     c1c:	e000e6b7          	lui	a3,0xe000e
     c20:	00200637          	lui	a2,0x200
     c24:	28c6a023          	sw	a2,640(a3) # e000e280 <__global_pointer$+0xc000da48>
     c28:	00100637          	lui	a2,0x100
     c2c:	28c6a023          	sw	a2,640(a3)
     c30:	40007637          	lui	a2,0x40007
     c34:	4214                	lw	a3,0(a2)
     c36:	9af5                	andi	a3,a3,-3
     c38:	c214                	sw	a3,0(a2)
     c3a:	d104a683          	lw	a3,-752(s1) # e000ed10 <__global_pointer$+0xc000e4d8>
     c3e:	0046e693          	ori	a3,a3,4
     c42:	d0d4a823          	sw	a3,-752(s1)
     c46:	4ea010ef          	jal	ra,2130 <IWDG_ReloadCounter>
     c4a:	d104a683          	lw	a3,-752(s1)
     c4e:	8a91                	andi	a3,a3,4
     c50:	12068063          	beqz	a3,d70 <enter_deep_sleep+0x202>
     c54:	08800693          	li	a3,136
     c58:	3006b073          	csrc	mstatus,a3
     c5c:	0000100f          	fence.i
     c60:	40010737          	lui	a4,0x40010
     c64:	40472683          	lw	a3,1028(a4) # 40010404 <__global_pointer$+0x2000fbcc>
     c68:	40072603          	lw	a2,1024(a4)
     c6c:	40472583          	lw	a1,1028(a4)
     c70:	8e4d                	or	a2,a2,a1
     c72:	40c72223          	sw	a2,1028(a4)
     c76:	d104a603          	lw	a2,-752(s1)
     c7a:	d104a703          	lw	a4,-752(s1)
     c7e:	c236                	sw	a3,4(sp)
     c80:	02067613          	andi	a2,a2,32
     c84:	02876713          	ori	a4,a4,40
     c88:	d0e4a823          	sw	a4,-752(s1)
     c8c:	d104a703          	lw	a4,-752(s1)
     c90:	454d                	li	a0,19
     c92:	fdf77713          	andi	a4,a4,-33
     c96:	8f51                	or	a4,a4,a2
     c98:	d0e4a823          	sw	a4,-752(s1)
     c9c:	d104a703          	lw	a4,-752(s1)
     ca0:	00876713          	ori	a4,a4,8
     ca4:	d0e4a823          	sw	a4,-752(s1)
     ca8:	1ffff097          	auipc	ra,0x1ffff
     cac:	358080e7          	jalr	856(ra) # 20000000 <WFE>
     cb0:	d104a703          	lw	a4,-752(s1)
     cb4:	454d                	li	a0,19
     cb6:	00876713          	ori	a4,a4,8
     cba:	d0e4a823          	sw	a4,-752(s1)
     cbe:	1ffff097          	auipc	ra,0x1ffff
     cc2:	342080e7          	jalr	834(ra) # 20000000 <WFE>
     cc6:	d104a703          	lw	a4,-752(s1)
     cca:	8b11                	andi	a4,a4,4
     ccc:	c361                	beqz	a4,d8c <enter_deep_sleep+0x21e>
     cce:	4692                	lw	a3,4(sp)
     cd0:	40010737          	lui	a4,0x40010
     cd4:	40d72223          	sw	a3,1028(a4) # 40010404 <__global_pointer$+0x2000fbcc>
     cd8:	08800713          	li	a4,136
     cdc:	30072073          	csrs	mstatus,a4
     ce0:	450010ef          	jal	ra,2130 <IWDG_ReloadCounter>
     ce4:	d104a703          	lw	a4,-752(s1)
     ce8:	4501                	li	a0,0
     cea:	9b6d                	andi	a4,a4,-5
     cec:	d0e4a823          	sw	a4,-752(s1)
     cf0:	4c8010ef          	jal	ra,21b8 <PWR_AutoWakeUpCmd>
     cf4:	24000513          	li	a0,576
     cf8:	270010ef          	jal	ra,1f68 <EXTI_ClearITPendingBit>
     cfc:	e000e737          	lui	a4,0xe000e
     d00:	002006b7          	lui	a3,0x200
     d04:	28d72023          	sw	a3,640(a4) # e000e280 <__global_pointer$+0xc000da48>
     d08:	20000737          	lui	a4,0x20000
     d0c:	03874703          	lbu	a4,56(a4) # 20000038 <_edata>
     d10:	0ff77713          	andi	a4,a4,255
     d14:	c351                	beqz	a4,d98 <enter_deep_sleep+0x22a>
     d16:	751000ef          	jal	ra,1c66 <SystemCoreClockUpdate>
     d1a:	400107b7          	lui	a5,0x40010
     d1e:	577d                	li	a4,-1
     d20:	4605                	li	a2,1
     d22:	40e7aa23          	sw	a4,1044(a5) # 40010414 <__global_pointer$+0x2000fbdc>
     d26:	4585                	li	a1,1
     d28:	40000537          	lui	a0,0x40000
     d2c:	6d4010ef          	jal	ra,2400 <TIM_ITConfig>
     d30:	e000e7b7          	lui	a5,0xe000e
     d34:	04000713          	li	a4,64
     d38:	10e7a223          	sw	a4,260(a5) # e000e104 <__global_pointer$+0xc000d8cc>
     d3c:	4585                	li	a1,1
     d3e:	40000537          	lui	a0,0x40000
     d42:	6a6010ef          	jal	ra,23e8 <TIM_Cmd>
     d46:	00003537          	lui	a0,0x3
     d4a:	ef450513          	addi	a0,a0,-268 # 2ef4 <puts+0x2d0>
     d4e:	6d7010ef          	jal	ra,2c24 <puts>
     d52:	6505                	lui	a0,0x1
     d54:	4585                	li	a1,1
     d56:	23550513          	addi	a0,a0,565 # 1235 <run_pairing+0xf1>
     d5a:	568010ef          	jal	ra,22c2 <RCC_APB2PeriphClockCmd>
     d5e:	b97ff0ef          	jal	ra,8f4 <gpio_init>
     d62:	3359                	jal	ae8 <adc_init>
     d64:	4515                	li	a0,5
     d66:	7fa010ef          	jal	ra,2560 <Delay_Ms>
     d6a:	0121                	addi	sp,sp,8
     d6c:	b4aff06f          	j	b6 <__riscv_restore_0>
     d70:	d104a703          	lw	a4,-752(s1)
     d74:	01076713          	ori	a4,a4,16
     d78:	d0e4a823          	sw	a4,-752(s1)
     d7c:	08800713          	li	a4,136
     d80:	30073073          	csrc	mstatus,a4
     d84:	0000100f          	fence.i
     d88:	4681                	li	a3,0
     d8a:	b5f5                	j	c76 <enter_deep_sleep+0x108>
     d8c:	d104a703          	lw	a4,-752(s1)
     d90:	9b3d                	andi	a4,a4,-17
     d92:	d0e4a823          	sw	a4,-752(s1)
     d96:	b789                	j	cd8 <enter_deep_sleep+0x16a>
     d98:	40011537          	lui	a0,0x40011
     d9c:	04000593          	li	a1,64
     da0:	40050513          	addi	a0,a0,1024 # 40011400 <__global_pointer$+0x20010bc8>
     da4:	340010ef          	jal	ra,20e4 <GPIO_ReadInputDataBit>
     da8:	d53d                	beqz	a0,d16 <enter_deep_sleep+0x1a8>
     daa:	4782                	lw	a5,0(sp)
     dac:	0405                	addi	s0,s0,1
     dae:	0ff47413          	andi	s0,s0,255
     db2:	e48793e3          	bne	a5,s0,bf8 <enter_deep_sleep+0x8a>
     db6:	b785                	j	d16 <enter_deep_sleep+0x1a8>

00000db8 <get_adc_val>:
     db8:	af4ff2ef          	jal	t0,ac <__riscv_save_0>
     dbc:	40012437          	lui	s0,0x40012
     dc0:	1171                	addi	sp,sp,-4
     dc2:	85aa                	mv	a1,a0
     dc4:	469d                	li	a3,7
     dc6:	4605                	li	a2,1
     dc8:	84aa                	mv	s1,a0
     dca:	40040513          	addi	a0,s0,1024 # 40012400 <__global_pointer$+0x20011bc8>
     dce:	046010ef          	jal	ra,1e14 <ADC_RegularChannelConfig>
     dd2:	40040513          	addi	a0,s0,1024
     dd6:	4585                	li	a1,1
     dd8:	024010ef          	jal	ra,1dfc <ADC_SoftwareStartConvCmd>
     ddc:	67b1                	lui	a5,0xc
     dde:	35078793          	addi	a5,a5,848 # c350 <_data_lma+0x8b4c>
     de2:	c03e                	sw	a5,0(sp)
     de4:	40040413          	addi	s0,s0,1024
     de8:	4589                	li	a1,2
     dea:	8522                	mv	a0,s0
     dec:	0ea010ef          	jal	ra,1ed6 <ADC_GetFlagStatus>
     df0:	e509                	bnez	a0,dfa <get_adc_val+0x42>
     df2:	4782                	lw	a5,0(sp)
     df4:	17fd                	addi	a5,a5,-1
     df6:	c03e                	sw	a5,0(sp)
     df8:	fbe5                	bnez	a5,de8 <get_adc_val+0x30>
     dfa:	4782                	lw	a5,0(sp)
     dfc:	ef81                	bnez	a5,e14 <get_adc_val+0x5c>
     dfe:	00003537          	lui	a0,0x3
     e02:	85a6                	mv	a1,s1
     e04:	00050513          	mv	a0,a0
     e08:	5f9010ef          	jal	ra,2c00 <printf>
     e0c:	4501                	li	a0,0
     e0e:	0111                	addi	sp,sp,4
     e10:	aa6ff06f          	j	b6 <__riscv_restore_0>
     e14:	40012537          	lui	a0,0x40012
     e18:	40050513          	addi	a0,a0,1024 # 40012400 <__global_pointer$+0x20011bc8>
     e1c:	0b2010ef          	jal	ra,1ece <ADC_GetConversionValue>
     e20:	b7fd                	j	e0e <get_adc_val+0x56>

00000e22 <read_battery_level>:
     e22:	a8aff2ef          	jal	t0,ac <__riscv_save_0>
     e26:	1171                	addi	sp,sp,-4
     e28:	44a1                	li	s1,8
     e2a:	4401                	li	s0,0
     e2c:	4521                	li	a0,8
     e2e:	14fd                	addi	s1,s1,-1
     e30:	3761                	jal	db8 <get_adc_val>
     e32:	0ff4f493          	andi	s1,s1,255
     e36:	942a                	add	s0,s0,a0
     e38:	f8f5                	bnez	s1,e2c <read_battery_level+0xa>
     e3a:	00345593          	srli	a1,s0,0x3
     e3e:	01059793          	slli	a5,a1,0x10
     e42:	83c1                	srli	a5,a5,0x10
     e44:	80c18493          	addi	s1,gp,-2036 # 20000044 <g_runtime>
     e48:	e789                	bnez	a5,e52 <read_battery_level+0x30>
     e4a:	38a8                	lbu	a0,19(s1)
     e4c:	0111                	addi	sp,sp,4
     e4e:	a68ff06f          	j	b6 <__riscv_restore_0>
     e52:	05c2                	slli	a1,a1,0x10
     e54:	0012c537          	lui	a0,0x12c
     e58:	81c1                	srli	a1,a1,0x10
     e5a:	b5050513          	addi	a0,a0,-1200 # 12bb50 <_data_lma+0x12834c>
     e5e:	a82ff0ef          	jal	ra,e0 <__udivsi3>
     e62:	6705                	lui	a4,0x1
     e64:	c4d70693          	addi	a3,a4,-947 # c4d <enter_deep_sleep+0xdf>
     e68:	87aa                	mv	a5,a0
     e6a:	06400413          	li	s0,100
     e6e:	02a6e863          	bltu	a3,a0,e9e <read_battery_level+0x7c>
     e72:	be970693          	addi	a3,a4,-1047
     e76:	04a6ff63          	bgeu	a3,a0,ed4 <read_battery_level+0xb2>
     e7a:	00251713          	slli	a4,a0,0x2
     e7e:	972a                	add	a4,a4,a0
     e80:	c02a                	sw	a0,0(sp)
     e82:	7545                	lui	a0,0xffff1
     e84:	070a                	slli	a4,a4,0x2
     e86:	1b850513          	addi	a0,a0,440 # ffff11b8 <__global_pointer$+0xdfff0980>
     e8a:	06400593          	li	a1,100
     e8e:	953a                	add	a0,a0,a4
     e90:	a50ff0ef          	jal	ra,e0 <__udivsi3>
     e94:	05050513          	addi	a0,a0,80
     e98:	4782                	lw	a5,0(sp)
     e9a:	0ff57413          	andi	s0,a0,255
     e9e:	00003637          	lui	a2,0x3
     ea2:	00003537          	lui	a0,0x3
     ea6:	85be                	mv	a1,a5
     ea8:	86a2                	mv	a3,s0
     eaa:	4bc60613          	addi	a2,a2,1212 # 34bc <puts+0x898>
     eae:	4cc50513          	addi	a0,a0,1228 # 34cc <puts+0x8a8>
     eb2:	54f010ef          	jal	ra,2c00 <printf>
     eb6:	28dc                	lbu	a5,20(s1)
     eb8:	c399                	beqz	a5,ebe <read_battery_level+0x9c>
     eba:	38bc                	lbu	a5,19(s1)
     ebc:	e7c5                	bnez	a5,f64 <read_battery_level+0x142>
     ebe:	4785                	li	a5,1
     ec0:	00003537          	lui	a0,0x3
     ec4:	b8a0                	sb	s0,19(s1)
     ec6:	a8dc                	sb	a5,20(s1)
     ec8:	85a2                	mv	a1,s0
     eca:	4ec50513          	addi	a0,a0,1260 # 34ec <puts+0x8c8>
     ece:	533010ef          	jal	ra,2c00 <printf>
     ed2:	bfa5                	j	e4a <read_battery_level+0x28>
     ed4:	b8570693          	addi	a3,a4,-1147
     ed8:	02a6f263          	bgeu	a3,a0,efc <read_battery_level+0xda>
     edc:	00451713          	slli	a4,a0,0x4
     ee0:	8f09                	sub	a4,a4,a0
     ee2:	c02a                	sw	a0,0(sp)
     ee4:	7529                	lui	a0,0xfffea
     ee6:	0706                	slli	a4,a4,0x1
     ee8:	64c50513          	addi	a0,a0,1612 # fffea64c <__global_pointer$+0xdffe9e14>
     eec:	06400593          	li	a1,100
     ef0:	953a                	add	a0,a0,a4
     ef2:	9eeff0ef          	jal	ra,e0 <__udivsi3>
     ef6:	03250513          	addi	a0,a0,50
     efa:	bf79                	j	e98 <read_battery_level+0x76>
     efc:	b3f70693          	addi	a3,a4,-1217
     f00:	02a6f163          	bgeu	a3,a0,f22 <read_battery_level+0x100>
     f04:	00451713          	slli	a4,a0,0x4
     f08:	8f09                	sub	a4,a4,a0
     f0a:	c02a                	sw	a0,0(sp)
     f0c:	752d                	lui	a0,0xfffeb
     f0e:	0706                	slli	a4,a4,0x1
     f10:	e8050513          	addi	a0,a0,-384 # fffeae80 <__global_pointer$+0xdffea648>
     f14:	04600593          	li	a1,70
     f18:	953a                	add	a0,a0,a4
     f1a:	9c6ff0ef          	jal	ra,e0 <__udivsi3>
     f1e:	0551                	addi	a0,a0,20
     f20:	bfa5                	j	e98 <read_battery_level+0x76>
     f22:	b0370693          	addi	a3,a4,-1277
     f26:	00a6ff63          	bgeu	a3,a0,f44 <read_battery_level+0x122>
     f2a:	0512                	slli	a0,a0,0x4
     f2c:	7759                	lui	a4,0xffff6
     f2e:	8d1d                	sub	a0,a0,a5
     f30:	ac470713          	addi	a4,a4,-1340 # ffff5ac4 <__global_pointer$+0xdfff528c>
     f34:	03c00593          	li	a1,60
     f38:	953a                	add	a0,a0,a4
     f3a:	c03e                	sw	a5,0(sp)
     f3c:	9a4ff0ef          	jal	ra,e0 <__udivsi3>
     f40:	0515                	addi	a0,a0,5
     f42:	bf99                	j	e98 <read_battery_level+0x76>
     f44:	aef70713          	addi	a4,a4,-1297
     f48:	4401                	li	s0,0
     f4a:	f4a77ae3          	bgeu	a4,a0,e9e <read_battery_level+0x7c>
     f4e:	050a                	slli	a0,a0,0x2
     f50:	7775                	lui	a4,0xffffd
     f52:	953e                	add	a0,a0,a5
     f54:	95070713          	addi	a4,a4,-1712 # ffffc950 <__global_pointer$+0xdfffc118>
     f58:	45d1                	li	a1,20
     f5a:	953a                	add	a0,a0,a4
     f5c:	c03e                	sw	a5,0(sp)
     f5e:	982ff0ef          	jal	ra,e0 <__udivsi3>
     f62:	bf1d                	j	e98 <read_battery_level+0x76>
     f64:	01478713          	addi	a4,a5,20
     f68:	00875963          	bge	a4,s0,f7a <read_battery_level+0x158>
     f6c:	00003537          	lui	a0,0x3
     f70:	b8a0                	sb	s0,19(s1)
     f72:	85a2                	mv	a1,s0
     f74:	50050513          	addi	a0,a0,1280 # 3500 <puts+0x8dc>
     f78:	bf99                	j	ece <read_battery_level+0xac>
     f7a:	00179513          	slli	a0,a5,0x1
     f7e:	953e                	add	a0,a0,a5
     f80:	0509                	addi	a0,a0,2
     f82:	942a                	add	s0,s0,a0
     f84:	8009                	srli	s0,s0,0x2
     f86:	0ff47593          	andi	a1,s0,255
     f8a:	00b7f763          	bgeu	a5,a1,f98 <read_battery_level+0x176>
     f8e:	8c1d                	sub	s0,s0,a5
     f90:	4715                	li	a4,5
     f92:	00874363          	blt	a4,s0,f98 <read_battery_level+0x176>
     f96:	85be                	mv	a1,a5
     f98:	00003537          	lui	a0,0x3
     f9c:	b8ac                	sb	a1,19(s1)
     f9e:	53050513          	addi	a0,a0,1328 # 3530 <puts+0x90c>
     fa2:	b735                	j	ece <read_battery_level+0xac>

00000fa4 <generate_new_tank_id>:
     fa4:	200007b7          	lui	a5,0x20000
     fa8:	03c7a503          	lw	a0,60(a5) # 2000003c <g_millis>
     fac:	00d51793          	slli	a5,a0,0xd
     fb0:	8fa9                	xor	a5,a5,a0
     fb2:	0117d513          	srli	a0,a5,0x11
     fb6:	8fa9                	xor	a5,a5,a0
     fb8:	00579513          	slli	a0,a5,0x5
     fbc:	8d3d                	xor	a0,a0,a5
     fbe:	0542                	slli	a0,a0,0x10
     fc0:	8141                	srli	a0,a0,0x10
     fc2:	e111                	bnez	a0,fc6 <generate_new_tank_id+0x22>
     fc4:	4505                	li	a0,1
     fc6:	8082                	ret

00000fc8 <calculate_checksum>:
     fc8:	4701                	li	a4,0
     fca:	4781                	li	a5,0
     fcc:	15fd                	addi	a1,a1,-1
     fce:	00b74463          	blt	a4,a1,fd6 <calculate_checksum+0xe>
     fd2:	853e                	mv	a0,a5
     fd4:	8082                	ret
     fd6:	00e506b3          	add	a3,a0,a4
     fda:	2294                	lbu	a3,0(a3)
     fdc:	8fb5                	xor	a5,a5,a3
     fde:	46a1                	li	a3,8
     fe0:	01879313          	slli	t1,a5,0x18
     fe4:	00179613          	slli	a2,a5,0x1
     fe8:	41835313          	srai	t1,t1,0x18
     fec:	0ff67793          	andi	a5,a2,255
     ff0:	00035663          	bgez	t1,ffc <calculate_checksum+0x34>
     ff4:	00764793          	xori	a5,a2,7
     ff8:	0ff7f793          	andi	a5,a5,255
     ffc:	16fd                	addi	a3,a3,-1
     ffe:	0ff6f693          	andi	a3,a3,255
    1002:	fef9                	bnez	a3,fe0 <calculate_checksum+0x18>
    1004:	0705                	addi	a4,a4,1
    1006:	0ff77713          	andi	a4,a4,255
    100a:	b7d1                	j	fce <calculate_checksum+0x6>

0000100c <flash_read_settings>:
    100c:	8a0ff2ef          	jal	t0,ac <__riscv_save_0>
    1010:	080047b7          	lui	a5,0x8004
    1014:	fc07a483          	lw	s1,-64(a5) # 8003fc0 <_data_lma+0x80007bc>
    1018:	82c18413          	addi	s0,gp,-2004 # 20000064 <g_settings>
    101c:	c004                	sw	s1,0(s0)
    101e:	fc47a783          	lw	a5,-60(a5)
    1022:	04c2                	slli	s1,s1,0x10
    1024:	80c1                	srli	s1,s1,0x10
    1026:	c05c                	sw	a5,4(s0)
    1028:	67ad                	lui	a5,0xb
    102a:	a5578793          	addi	a5,a5,-1451 # aa55 <_data_lma+0x7251>
    102e:	02f48163          	beq	s1,a5,1050 <flash_read_settings+0x44>
    1032:	00003537          	lui	a0,0x3
    1036:	85a6                	mv	a1,s1
    1038:	f0050513          	addi	a0,a0,-256 # 2f00 <puts+0x2dc>
    103c:	3c5010ef          	jal	ra,2c00 <printf>
    1040:	67ad                	lui	a5,0xb
    1042:	a5578793          	addi	a5,a5,-1451 # aa55 <_data_lma+0x7251>
    1046:	c01c                	sw	a5,0(s0)
    1048:	00041223          	sh	zero,4(s0)
    104c:	86aff06f          	j	b6 <__riscv_restore_0>
    1050:	4595                	li	a1,5
    1052:	82c18513          	addi	a0,gp,-2004 # 20000064 <g_settings>
    1056:	3f8d                	jal	fc8 <calculate_checksum>
    1058:	304c                	lbu	a1,5(s0)
    105a:	86aa                	mv	a3,a0
    105c:	00b50b63          	beq	a0,a1,1072 <flash_read_settings+0x66>
    1060:	862a                	mv	a2,a0
    1062:	00003537          	lui	a0,0x3
    1066:	f4450513          	addi	a0,a0,-188 # 2f44 <puts+0x320>
    106a:	397010ef          	jal	ra,2c00 <printf>
    106e:	c004                	sw	s1,0(s0)
    1070:	bfe1                	j	1048 <flash_read_settings+0x3c>
    1072:	2050                	lbu	a2,4(s0)
    1074:	202e                	lhu	a1,2(s0)
    1076:	00003537          	lui	a0,0x3
    107a:	f9850513          	addi	a0,a0,-104 # 2f98 <puts+0x374>
    107e:	383010ef          	jal	ra,2c00 <printf>
    1082:	b7e9                	j	104c <flash_read_settings+0x40>

00001084 <flash_save_settings>:
    1084:	828ff2ef          	jal	t0,ac <__riscv_save_0>
    1088:	77ed                	lui	a5,0xffffb
    108a:	82c18413          	addi	s0,gp,-2004 # 20000064 <g_settings>
    108e:	a5578793          	addi	a5,a5,-1451 # ffffaa55 <__global_pointer$+0xdfffa21d>
    1092:	4595                	li	a1,5
    1094:	82c18513          	addi	a0,gp,-2004 # 20000064 <g_settings>
    1098:	a01e                	sh	a5,0(s0)
    109a:	373d                	jal	fc8 <calculate_checksum>
    109c:	080044b7          	lui	s1,0x8004
    10a0:	b048                	sb	a0,5(s0)
    10a2:	00041323          	sh	zero,6(s0)
    10a6:	6cd000ef          	jal	ra,1f72 <FLASH_Unlock>
    10aa:	fc048513          	addi	a0,s1,-64 # 8003fc0 <_data_lma+0x80007bc>
    10ae:	725000ef          	jal	ra,1fd2 <FLASH_ErasePage>
    10b2:	400c                	lw	a1,0(s0)
    10b4:	fc048513          	addi	a0,s1,-64
    10b8:	757000ef          	jal	ra,200e <FLASH_ProgramWord>
    10bc:	404c                	lw	a1,4(s0)
    10be:	fc448513          	addi	a0,s1,-60
    10c2:	74d000ef          	jal	ra,200e <FLASH_ProgramWord>
    10c6:	6c7000ef          	jal	ra,1f8c <FLASH_Lock>
    10ca:	3054                	lbu	a3,5(s0)
    10cc:	2050                	lbu	a2,4(s0)
    10ce:	202e                	lhu	a1,2(s0)
    10d0:	00003537          	lui	a0,0x3
    10d4:	fd850513          	addi	a0,a0,-40 # 2fd8 <puts+0x3b4>
    10d8:	329010ef          	jal	ra,2c00 <printf>
    10dc:	fdbfe06f          	j	b6 <__riscv_restore_0>

000010e0 <prepare_data_packet>:
    10e0:	fcdfe2ef          	jal	t0,ac <__riscv_save_0>
    10e4:	84ae                	mv	s1,a1
    10e6:	02000613          	li	a2,32
    10ea:	4581                	li	a1,0
    10ec:	842a                	mv	s0,a0
    10ee:	868ff0ef          	jal	ra,156 <memset>
    10f2:	200257b7          	lui	a5,0x20025
    10f6:	5aa78793          	addi	a5,a5,1450 # 200255aa <__global_pointer$+0x24d72>
    10fa:	c01c                	sw	a5,0(s0)
    10fc:	82e1d783          	lhu	a5,-2002(gp) # 20000066 <g_settings+0x2>
    1100:	a064                	sb	s1,6(s0)
    1102:	a05e                	sh	a5,4(s0)
    1104:	80c18713          	addi	a4,gp,-2036 # 20000044 <g_runtime>
    1108:	3b34                	lbu	a3,19(a4)
    110a:	00040423          	sb	zero,8(s0)
    110e:	80c18793          	addi	a5,gp,-2036 # 20000044 <g_runtime>
    1112:	b074                	sb	a3,7(s0)
    1114:	3b34                	lbu	a3,19(a4)
    1116:	0156b693          	sltiu	a3,a3,21
    111a:	a414                	sb	a3,8(s0)
    111c:	8081c683          	lbu	a3,-2040(gp) # 20000040 <g_probe_fault>
    1120:	b414                	sb	a3,9(s0)
    1122:	2f14                	lbu	a3,24(a4)
    1124:	0ff00713          	li	a4,255
    1128:	c291                	beqz	a3,112c <prepare_data_packet+0x4c>
    112a:	2bf8                	lbu	a4,22(a5)
    112c:	a438                	sb	a4,10(s0)
    112e:	3bf8                	lbu	a4,23(a5)
    1130:	02000593          	li	a1,32
    1134:	8522                	mv	a0,s0
    1136:	b438                	sb	a4,11(s0)
    1138:	479c                	lw	a5,8(a5)
    113a:	c45c                	sw	a5,12(s0)
    113c:	3571                	jal	fc8 <calculate_checksum>
    113e:	bc68                	sb	a0,31(s0)
    1140:	f77fe06f          	j	b6 <__riscv_restore_0>

00001144 <run_pairing>:
    1144:	f69fe2ef          	jal	t0,ac <__riscv_save_0>
    1148:	7119                	addi	sp,sp,-128
    114a:	9d2ff0ef          	jal	ra,31c <lora_init>
    114e:	1f400513          	li	a0,500
    1152:	40e010ef          	jal	ra,2560 <Delay_Ms>
    1156:	35b9                	jal	fa4 <generate_new_tank_id>
    1158:	85aa                	mv	a1,a0
    115a:	842a                	mv	s0,a0
    115c:	00003537          	lui	a0,0x3
    1160:	5b050513          	addi	a0,a0,1456 # 35b0 <puts+0x98c>
    1164:	29d010ef          	jal	ra,2c00 <printf>
    1168:	4669                	li	a2,26
    116a:	4581                	li	a1,0
    116c:	02610513          	addi	a0,sp,38
    1170:	fe7fe0ef          	jal	ra,156 <memset>
    1174:	200157b7          	lui	a5,0x20015
    1178:	5aa78793          	addi	a5,a5,1450 # 200155aa <__global_pointer$+0x14d72>
    117c:	d03e                	sw	a5,32(sp)
    117e:	02811223          	sh	s0,36(sp)
    1182:	939ff0ef          	jal	ra,aba <read_tank_level>
    1186:	85aa                	mv	a1,a0
    1188:	02a10323          	sb	a0,38(sp)
    118c:	00003537          	lui	a0,0x3
    1190:	5c850513          	addi	a0,a0,1480 # 35c8 <puts+0x9a4>
    1194:	26d010ef          	jal	ra,2c00 <printf>
    1198:	c8bff0ef          	jal	ra,e22 <read_battery_level>
    119c:	85aa                	mv	a1,a0
    119e:	02a103a3          	sb	a0,39(sp)
    11a2:	00003537          	lui	a0,0x3
    11a6:	5e850513          	addi	a0,a0,1512 # 35e8 <puts+0x9c4>
    11aa:	257010ef          	jal	ra,2c00 <printf>
    11ae:	47c1                	li	a5,16
    11b0:	02000593          	li	a1,32
    11b4:	1008                	addi	a0,sp,32
    11b6:	02f10423          	sb	a5,40(sp)
    11ba:	3539                	jal	fc8 <calculate_checksum>
    11bc:	02a10fa3          	sb	a0,63(sp)
    11c0:	00003537          	lui	a0,0x3
    11c4:	5f850513          	addi	a0,a0,1528 # 35f8 <puts+0x9d4>
    11c8:	239010ef          	jal	ra,2c00 <printf>
    11cc:	4481                	li	s1,0
    11ce:	00003737          	lui	a4,0x3
    11d2:	101c                	addi	a5,sp,32
    11d4:	97a6                	add	a5,a5,s1
    11d6:	238c                	lbu	a1,0(a5)
    11d8:	60870513          	addi	a0,a4,1544 # 3608 <puts+0x9e4>
    11dc:	0485                	addi	s1,s1,1
    11de:	223010ef          	jal	ra,2c00 <printf>
    11e2:	47a1                	li	a5,8
    11e4:	00003737          	lui	a4,0x3
    11e8:	fef495e3          	bne	s1,a5,11d2 <run_pairing+0x8e>
    11ec:	03f14583          	lbu	a1,63(sp)
    11f0:	00003537          	lui	a0,0x3
    11f4:	61050513          	addi	a0,a0,1552 # 3610 <puts+0x9ec>
    11f8:	209010ef          	jal	ra,2c00 <printf>
    11fc:	00003537          	lui	a0,0x3
    1200:	32000693          	li	a3,800
    1204:	04b00613          	li	a2,75
    1208:	4585                	li	a1,1
    120a:	61c50513          	addi	a0,a0,1564 # 361c <puts+0x9f8>
    120e:	1f3010ef          	jal	ra,2c00 <printf>
    1212:	200007b7          	lui	a5,0x20000
    1216:	03c78713          	addi	a4,a5,60 # 2000003c <g_millis>
    121a:	4318                	lw	a4,0(a4)
    121c:	03c78793          	addi	a5,a5,60
    1220:	c43e                	sw	a5,8(sp)
    1222:	67bd                	lui	a5,0xf
    1224:	a6078793          	addi	a5,a5,-1440 # ea60 <_data_lma+0xb25c>
    1228:	c63a                	sw	a4,12(sp)
    122a:	c202                	sw	zero,4(sp)
    122c:	ca3e                	sw	a5,20(sp)
    122e:	47a2                	lw	a5,8(sp)
    1230:	4732                	lw	a4,12(sp)
    1232:	439c                	lw	a5,0(a5)
    1234:	8f99                	sub	a5,a5,a4
    1236:	4752                	lw	a4,20(sp)
    1238:	06f77663          	bgeu	a4,a5,12a4 <run_pairing+0x160>
    123c:	00003537          	lui	a0,0x3
    1240:	4585                	li	a1,1
    1242:	64450513          	addi	a0,a0,1604 # 3644 <puts+0xa20>
    1246:	1bb010ef          	jal	ra,2c00 <printf>
    124a:	c002                	sw	zero,0(sp)
    124c:	40011537          	lui	a0,0x40011
    1250:	4591                	li	a1,4
    1252:	40050513          	addi	a0,a0,1024 # 40011400 <__global_pointer$+0x20010bc8>
    1256:	69d000ef          	jal	ra,20f2 <GPIO_ResetBits>
    125a:	876ff0ef          	jal	ra,2d0 <lora_power_down>
    125e:	4782                	lw	a5,0(sp)
    1260:	1e078663          	beqz	a5,144c <run_pairing+0x308>
    1264:	4415                	li	s0,5
    1266:	400114b7          	lui	s1,0x40011
    126a:	4591                	li	a1,4
    126c:	40048513          	addi	a0,s1,1024 # 40011400 <__global_pointer$+0x20010bc8>
    1270:	67f000ef          	jal	ra,20ee <GPIO_SetBits>
    1274:	06400513          	li	a0,100
    1278:	2e8010ef          	jal	ra,2560 <Delay_Ms>
    127c:	4591                	li	a1,4
    127e:	40048513          	addi	a0,s1,1024
    1282:	671000ef          	jal	ra,20f2 <GPIO_ResetBits>
    1286:	06400513          	li	a0,100
    128a:	147d                	addi	s0,s0,-1
    128c:	2d4010ef          	jal	ra,2560 <Delay_Ms>
    1290:	f879                	bnez	s0,1266 <run_pairing+0x122>
    1292:	00003537          	lui	a0,0x3
    1296:	78850513          	addi	a0,a0,1928 # 3788 <puts+0xb64>
    129a:	18b010ef          	jal	ra,2c24 <puts>
    129e:	6109                	addi	sp,sp,128
    12a0:	e17fe06f          	j	b6 <__riscv_restore_0>
    12a4:	68d000ef          	jal	ra,2130 <IWDG_ReloadCounter>
    12a8:	400114b7          	lui	s1,0x40011
    12ac:	4591                	li	a1,4
    12ae:	40048513          	addi	a0,s1,1024 # 40011400 <__global_pointer$+0x20010bc8>
    12b2:	641000ef          	jal	ra,20f2 <GPIO_ResetBits>
    12b6:	828ff0ef          	jal	ra,2de <lora_power_up_tx>
    12ba:	02000593          	li	a1,32
    12be:	1008                	addi	a0,sp,32
    12c0:	a32ff0ef          	jal	ra,4f2 <lora_send>
    12c4:	828ff0ef          	jal	ra,2ec <lora_power_up_rx>
    12c8:	4792                	lw	a5,4(sp)
    12ca:	4591                	li	a1,4
    12cc:	40048513          	addi	a0,s1,1024
    12d0:	8b85                	andi	a5,a5,1
    12d2:	e385                	bnez	a5,12f2 <run_pairing+0x1ae>
    12d4:	61b000ef          	jal	ra,20ee <GPIO_SetBits>
    12d8:	47a2                	lw	a5,8(sp)
    12da:	439c                	lw	a5,0(a5)
    12dc:	c83e                	sw	a5,16(sp)
    12de:	47a2                	lw	a5,8(sp)
    12e0:	4742                	lw	a4,16(sp)
    12e2:	439c                	lw	a5,0(a5)
    12e4:	8f99                	sub	a5,a5,a4
    12e6:	31f00713          	li	a4,799
    12ea:	00f77763          	bgeu	a4,a5,12f8 <run_pairing+0x1b4>
    12ee:	c002                	sw	zero,0(sp)
    12f0:	a065                	j	1398 <run_pairing+0x254>
    12f2:	601000ef          	jal	ra,20f2 <GPIO_ResetBits>
    12f6:	b7cd                	j	12d8 <run_pairing+0x194>
    12f8:	ac8ff0ef          	jal	ra,5c0 <lora_available>
    12fc:	c02a                	sw	a0,0(sp)
    12fe:	14050363          	beqz	a0,1444 <run_pairing+0x300>
    1302:	02000593          	li	a1,32
    1306:	0088                	addi	a0,sp,64
    1308:	ac6ff0ef          	jal	ra,5ce <lora_read>
    130c:	04214683          	lbu	a3,66(sp)
    1310:	04114603          	lbu	a2,65(sp)
    1314:	04014583          	lbu	a1,64(sp)
    1318:	000037b7          	lui	a5,0x3
    131c:	66c78513          	addi	a0,a5,1644 # 366c <puts+0xa48>
    1320:	0e1010ef          	jal	ra,2c00 <printf>
    1324:	04014703          	lbu	a4,64(sp)
    1328:	0aa00793          	li	a5,170
    132c:	08f71263          	bne	a4,a5,13b0 <run_pairing+0x26c>
    1330:	04114703          	lbu	a4,65(sp)
    1334:	05500793          	li	a5,85
    1338:	06f71c63          	bne	a4,a5,13b0 <run_pairing+0x26c>
    133c:	04214703          	lbu	a4,66(sp)
    1340:	479d                	li	a5,7
    1342:	06f71763          	bne	a4,a5,13b0 <run_pairing+0x26c>
    1346:	04514483          	lbu	s1,69(sp)
    134a:	04414783          	lbu	a5,68(sp)
    134e:	04b14303          	lbu	t1,75(sp)
    1352:	04a2                	slli	s1,s1,0x8
    1354:	04614703          	lbu	a4,70(sp)
    1358:	8cdd                	or	s1,s1,a5
    135a:	00003537          	lui	a0,0x3
    135e:	869a                	mv	a3,t1
    1360:	8622                	mv	a2,s0
    1362:	85a6                	mv	a1,s1
    1364:	68c50513          	addi	a0,a0,1676 # 368c <puts+0xa68>
    1368:	cc1a                	sw	t1,24(sp)
    136a:	097010ef          	jal	ra,2c00 <printf>
    136e:	4362                	lw	t1,24(sp)
    1370:	04941063          	bne	s0,s1,13b0 <run_pairing+0x26c>
    1374:	4785                	li	a5,1
    1376:	02f31d63          	bne	t1,a5,13b0 <run_pairing+0x26c>
    137a:	82c18793          	addi	a5,gp,-2004 # 20000064 <g_settings>
    137e:	a3a2                	sh	s0,2(a5)
    1380:	00678223          	sb	t1,4(a5)
    1384:	d01ff0ef          	jal	ra,1084 <flash_save_settings>
    1388:	04614583          	lbu	a1,70(sp)
    138c:	00003537          	lui	a0,0x3
    1390:	6c450513          	addi	a0,a0,1732 # 36c4 <puts+0xaa0>
    1394:	06d010ef          	jal	ra,2c00 <printf>
    1398:	4792                	lw	a5,4(sp)
    139a:	0785                	addi	a5,a5,1
    139c:	c23e                	sw	a5,4(sp)
    139e:	4712                	lw	a4,4(sp)
    13a0:	04b00793          	li	a5,75
    13a4:	eaf704e3          	beq	a4,a5,124c <run_pairing+0x108>
    13a8:	4782                	lw	a5,0(sp)
    13aa:	e80782e3          	beqz	a5,122e <run_pairing+0xea>
    13ae:	bd79                	j	124c <run_pairing+0x108>
    13b0:	4781                	li	a5,0
    13b2:	02000693          	li	a3,32
    13b6:	1098                	addi	a4,sp,96
    13b8:	00f70633          	add	a2,a4,a5
    13bc:	0098                	addi	a4,sp,64
    13be:	973e                	add	a4,a4,a5
    13c0:	2318                	lbu	a4,0(a4)
    13c2:	0785                	addi	a5,a5,1
    13c4:	fff74713          	not	a4,a4
    13c8:	a218                	sb	a4,0(a2)
    13ca:	fed796e3          	bne	a5,a3,13b6 <run_pairing+0x272>
    13ce:	06014703          	lbu	a4,96(sp)
    13d2:	0aa00793          	li	a5,170
    13d6:	06f71763          	bne	a4,a5,1444 <run_pairing+0x300>
    13da:	06114703          	lbu	a4,97(sp)
    13de:	05500793          	li	a5,85
    13e2:	06f71163          	bne	a4,a5,1444 <run_pairing+0x300>
    13e6:	06214703          	lbu	a4,98(sp)
    13ea:	479d                	li	a5,7
    13ec:	04f71c63          	bne	a4,a5,1444 <run_pairing+0x300>
    13f0:	06514783          	lbu	a5,101(sp)
    13f4:	06414703          	lbu	a4,100(sp)
    13f8:	06b14303          	lbu	t1,107(sp)
    13fc:	06614483          	lbu	s1,102(sp)
    1400:	07a2                	slli	a5,a5,0x8
    1402:	8fd9                	or	a5,a5,a4
    1404:	00003537          	lui	a0,0x3
    1408:	869a                	mv	a3,t1
    140a:	85be                	mv	a1,a5
    140c:	8726                	mv	a4,s1
    140e:	8622                	mv	a2,s0
    1410:	70850513          	addi	a0,a0,1800 # 3708 <puts+0xae4>
    1414:	ce1a                	sw	t1,28(sp)
    1416:	cc3e                	sw	a5,24(sp)
    1418:	7e8010ef          	jal	ra,2c00 <printf>
    141c:	47e2                	lw	a5,24(sp)
    141e:	4372                	lw	t1,28(sp)
    1420:	02f41263          	bne	s0,a5,1444 <run_pairing+0x300>
    1424:	4785                	li	a5,1
    1426:	00f31f63          	bne	t1,a5,1444 <run_pairing+0x300>
    142a:	82c18793          	addi	a5,gp,-2004 # 20000064 <g_settings>
    142e:	a3a2                	sh	s0,2(a5)
    1430:	00678223          	sb	t1,4(a5)
    1434:	c51ff0ef          	jal	ra,1084 <flash_save_settings>
    1438:	00003537          	lui	a0,0x3
    143c:	85a6                	mv	a1,s1
    143e:	74050513          	addi	a0,a0,1856 # 3740 <puts+0xb1c>
    1442:	bf89                	j	1394 <run_pairing+0x250>
    1444:	4505                	li	a0,1
    1446:	11a010ef          	jal	ra,2560 <Delay_Ms>
    144a:	bd51                	j	12de <run_pairing+0x19a>
    144c:	82c18793          	addi	a5,gp,-2004 # 20000064 <g_settings>
    1450:	00079123          	sh	zero,2(a5)
    1454:	00078223          	sb	zero,4(a5)
    1458:	440d                	li	s0,3
    145a:	c2bff0ef          	jal	ra,1084 <flash_save_settings>
    145e:	400114b7          	lui	s1,0x40011
    1462:	4591                	li	a1,4
    1464:	40048513          	addi	a0,s1,1024 # 40011400 <__global_pointer$+0x20010bc8>
    1468:	487000ef          	jal	ra,20ee <GPIO_SetBits>
    146c:	1f400513          	li	a0,500
    1470:	0f0010ef          	jal	ra,2560 <Delay_Ms>
    1474:	4591                	li	a1,4
    1476:	40048513          	addi	a0,s1,1024
    147a:	479000ef          	jal	ra,20f2 <GPIO_ResetBits>
    147e:	1f400513          	li	a0,500
    1482:	147d                	addi	s0,s0,-1
    1484:	0dc010ef          	jal	ra,2560 <Delay_Ms>
    1488:	f879                	bnez	s0,145e <run_pairing+0x31a>
    148a:	00003537          	lui	a0,0x3
    148e:	04b00593          	li	a1,75
    1492:	79850513          	addi	a0,a0,1944 # 3798 <puts+0xb74>
    1496:	76a010ef          	jal	ra,2c00 <printf>
    149a:	b511                	j	129e <run_pairing+0x15a>

0000149c <handle_button_action.constprop.5>:
    149c:	c11fe2ef          	jal	t0,ac <__riscv_save_0>
    14a0:	200007b7          	lui	a5,0x20000
    14a4:	80c18493          	addi	s1,gp,-2036 # 20000044 <g_runtime>
    14a8:	03878713          	addi	a4,a5,56 # 20000038 <_edata>
    14ac:	fd810113          	addi	sp,sp,-40
    14b0:	03878793          	addi	a5,a5,56
    14b4:	0004a023          	sw	zero,0(s1)
    14b8:	00048223          	sb	zero,4(s1)
    14bc:	00070023          	sb	zero,0(a4) # 3000 <puts+0x3dc>
    14c0:	c03e                	sw	a5,0(sp)
    14c2:	c161                	beqz	a0,1582 <handle_button_action.constprop.5+0xe6>
    14c4:	470d                	li	a4,3
    14c6:	0ce51263          	bne	a0,a4,158a <handle_button_action.constprop.5+0xee>
    14ca:	00003537          	lui	a0,0x3
    14ce:	01850513          	addi	a0,a0,24 # 3018 <puts+0x3f4>
    14d2:	752010ef          	jal	ra,2c24 <puts>
    14d6:	82c18793          	addi	a5,gp,-2004 # 20000064 <g_settings>
    14da:	23d8                	lbu	a4,4(a5)
    14dc:	4785                	li	a5,1
    14de:	80c18413          	addi	s0,gp,-2036 # 20000044 <g_runtime>
    14e2:	82c18493          	addi	s1,gp,-2004 # 20000064 <g_settings>
    14e6:	04f71f63          	bne	a4,a5,1544 <handle_button_action.constprop.5+0xa8>
    14ea:	20be                	lhu	a5,2(s1)
    14ec:	cfa1                	beqz	a5,1544 <handle_button_action.constprop.5+0xa8>
    14ee:	00003537          	lui	a0,0x3
    14f2:	03850513          	addi	a0,a0,56 # 3038 <puts+0x414>
    14f6:	72e010ef          	jal	ra,2c24 <puts>
    14fa:	4669                	li	a2,26
    14fc:	4581                	li	a1,0
    14fe:	00e10513          	addi	a0,sp,14
    1502:	c55fe0ef          	jal	ra,156 <memset>
    1506:	200657b7          	lui	a5,0x20065
    150a:	5aa78793          	addi	a5,a5,1450 # 200655aa <__global_pointer$+0x64d72>
    150e:	c43e                	sw	a5,8(sp)
    1510:	20be                	lhu	a5,2(s1)
    1512:	02000593          	li	a1,32
    1516:	0028                	addi	a0,sp,8
    1518:	867c                	sh	a5,12(sp)
    151a:	aafff0ef          	jal	ra,fc8 <calculate_checksum>
    151e:	02a103a3          	sb	a0,39(sp)
    1522:	dbdfe0ef          	jal	ra,2de <lora_power_up_tx>
    1526:	47d1                	li	a5,20
    1528:	02000593          	li	a1,32
    152c:	0028                	addi	a0,sp,8
    152e:	c23e                	sw	a5,4(sp)
    1530:	fc3fe0ef          	jal	ra,4f2 <lora_send>
    1534:	4579                	li	a0,30
    1536:	02a010ef          	jal	ra,2560 <Delay_Ms>
    153a:	4792                	lw	a5,4(sp)
    153c:	17fd                	addi	a5,a5,-1
    153e:	f7ed                	bnez	a5,1528 <handle_button_action.constprop.5+0x8c>
    1540:	d91fe0ef          	jal	ra,2d0 <lora_power_down>
    1544:	00049123          	sh	zero,2(s1)
    1548:	00048223          	sb	zero,4(s1)
    154c:	b39ff0ef          	jal	ra,1084 <flash_save_settings>
    1550:	67c1                	lui	a5,0x10
    1552:	17fd                	addi	a5,a5,-1
    1554:	c45c                	sw	a5,12(s0)
    1556:	0ff00793          	li	a5,255
    155a:	c81c                	sw	a5,16(s0)
    155c:	82018423          	sb	zero,-2008(gp) # 20000060 <g_sensor_event_pending>
    1560:	4782                	lw	a5,0(sp)
    1562:	00042a23          	sw	zero,20(s0)
    1566:	00041c23          	sh	zero,24(s0)
    156a:	00042023          	sw	zero,0(s0)
    156e:	00040223          	sb	zero,4(s0)
    1572:	00041323          	sh	zero,6(s0)
    1576:	00042423          	sw	zero,8(s0)
    157a:	00078023          	sb	zero,0(a5) # 10000 <_data_lma+0xc7fc>
    157e:	bc7ff0ef          	jal	ra,1144 <run_pairing>
    1582:	02810113          	addi	sp,sp,40
    1586:	b31fe06f          	j	b6 <__riscv_restore_0>
    158a:	4709                	li	a4,2
    158c:	06e51863          	bne	a0,a4,15fc <handle_button_action.constprop.5+0x160>
    1590:	00003537          	lui	a0,0x3
    1594:	05850513          	addi	a0,a0,88 # 3058 <puts+0x434>
    1598:	68c010ef          	jal	ra,2c24 <puts>
    159c:	40011437          	lui	s0,0x40011
    15a0:	4591                	li	a1,4
    15a2:	40040513          	addi	a0,s0,1024 # 40011400 <__global_pointer$+0x20010bc8>
    15a6:	349000ef          	jal	ra,20ee <GPIO_SetBits>
    15aa:	09600513          	li	a0,150
    15ae:	7b3000ef          	jal	ra,2560 <Delay_Ms>
    15b2:	4591                	li	a1,4
    15b4:	40040513          	addi	a0,s0,1024
    15b8:	33b000ef          	jal	ra,20f2 <GPIO_ResetBits>
    15bc:	09600513          	li	a0,150
    15c0:	7a1000ef          	jal	ra,2560 <Delay_Ms>
    15c4:	4591                	li	a1,4
    15c6:	40040513          	addi	a0,s0,1024
    15ca:	325000ef          	jal	ra,20ee <GPIO_SetBits>
    15ce:	09600513          	li	a0,150
    15d2:	78f000ef          	jal	ra,2560 <Delay_Ms>
    15d6:	4591                	li	a1,4
    15d8:	40040513          	addi	a0,s0,1024
    15dc:	317000ef          	jal	ra,20f2 <GPIO_ResetBits>
    15e0:	09600513          	li	a0,150
    15e4:	77d000ef          	jal	ra,2560 <Delay_Ms>
    15e8:	e000f737          	lui	a4,0xe000f
    15ec:	d1072783          	lw	a5,-752(a4) # e000ed10 <__global_pointer$+0xc000e4d8>
    15f0:	800006b7          	lui	a3,0x80000
    15f4:	8fd5                	or	a5,a5,a3
    15f6:	d0f72823          	sw	a5,-752(a4)
    15fa:	b761                	j	1582 <handle_button_action.constprop.5+0xe6>
    15fc:	4705                	li	a4,1
    15fe:	f8e512e3          	bne	a0,a4,1582 <handle_button_action.constprop.5+0xe6>
    1602:	c02a                	sw	a0,0(sp)
    1604:	00003537          	lui	a0,0x3
    1608:	07450513          	addi	a0,a0,116 # 3074 <puts+0x450>
    160c:	618010ef          	jal	ra,2c24 <puts>
    1610:	40011437          	lui	s0,0x40011
    1614:	4591                	li	a1,4
    1616:	40040513          	addi	a0,s0,1024 # 40011400 <__global_pointer$+0x20010bc8>
    161a:	2d5000ef          	jal	ra,20ee <GPIO_SetBits>
    161e:	03200513          	li	a0,50
    1622:	73f000ef          	jal	ra,2560 <Delay_Ms>
    1626:	40040513          	addi	a0,s0,1024
    162a:	4591                	li	a1,4
    162c:	2c7000ef          	jal	ra,20f2 <GPIO_ResetBits>
    1630:	8301c403          	lbu	s0,-2000(gp) # 20000068 <g_settings+0x4>
    1634:	4782                	lw	a5,0(sp)
    1636:	00f40963          	beq	s0,a5,1648 <handle_button_action.constprop.5+0x1ac>
    163a:	00003537          	lui	a0,0x3
    163e:	0a050513          	addi	a0,a0,160 # 30a0 <puts+0x47c>
    1642:	5e2010ef          	jal	ra,2c24 <puts>
    1646:	bf35                	j	1582 <handle_button_action.constprop.5+0xe6>
    1648:	c72ff0ef          	jal	ra,aba <read_tank_level>
    164c:	b4e8                	sb	a0,15(s1)
    164e:	a4c8                	sb	a0,12(s1)
    1650:	c02a                	sw	a0,0(sp)
    1652:	00049323          	sh	zero,6(s1)
    1656:	fccff0ef          	jal	ra,e22 <read_battery_level>
    165a:	4582                	lw	a1,0(sp)
    165c:	0028                	addi	a0,sp,8
    165e:	a83ff0ef          	jal	ra,10e0 <prepare_data_packet>
    1662:	0028                	addi	a0,sp,8
    1664:	20fd                	jal	1752 <send_data_with_retry.constprop.7>
    1666:	449c                	lw	a5,8(s1)
    1668:	0785                	addi	a5,a5,1
    166a:	c49c                	sw	a5,8(s1)
    166c:	00851763          	bne	a0,s0,167a <handle_button_action.constprop.5+0x1de>
    1670:	00003537          	lui	a0,0x3
    1674:	0c450513          	addi	a0,a0,196 # 30c4 <puts+0x4a0>
    1678:	b7e9                	j	1642 <handle_button_action.constprop.5+0x1a6>
    167a:	00003537          	lui	a0,0x3
    167e:	0e450513          	addi	a0,a0,228 # 30e4 <puts+0x4c0>
    1682:	b7c1                	j	1642 <handle_button_action.constprop.5+0x1a6>

00001684 <service_runtime_window.constprop.8>:
    1684:	a29fe2ef          	jal	t0,ac <__riscv_save_0>
    1688:	200007b7          	lui	a5,0x20000
    168c:	03c78713          	addi	a4,a5,60 # 2000003c <g_millis>
    1690:	4318                	lw	a4,0(a4)
    1692:	7179                	addi	sp,sp,-48
    1694:	03c78793          	addi	a5,a5,60
    1698:	c22a                	sw	a0,4(sp)
    169a:	c42e                	sw	a1,8(sp)
    169c:	8432                	mv	s0,a2
    169e:	84b6                	mv	s1,a3
    16a0:	c03a                	sw	a4,0(sp)
    16a2:	c63e                	sw	a5,12(sp)
    16a4:	47b2                	lw	a5,12(sp)
    16a6:	4702                	lw	a4,0(sp)
    16a8:	439c                	lw	a5,0(a5)
    16aa:	8f99                	sub	a5,a5,a4
    16ac:	4712                	lw	a4,4(sp)
    16ae:	0ae7f063          	bgeu	a5,a4,174e <service_runtime_window.constprop.8+0xca>
    16b2:	47a2                	lw	a5,8(sp)
    16b4:	cfb1                	beqz	a5,1710 <service_runtime_window.constprop.8+0x8c>
    16b6:	f0bfe0ef          	jal	ra,5c0 <lora_available>
    16ba:	c939                	beqz	a0,1710 <service_runtime_window.constprop.8+0x8c>
    16bc:	02000593          	li	a1,32
    16c0:	0808                	addi	a0,sp,16
    16c2:	f0dfe0ef          	jal	ra,5ce <lora_read>
    16c6:	85a6                	mv	a1,s1
    16c8:	0808                	addi	a0,sp,16
    16ca:	f9ffe0ef          	jal	ra,668 <packet_matches_data_ack>
    16ce:	cd01                	beqz	a0,16e6 <service_runtime_window.constprop.8+0x62>
    16d0:	00003537          	lui	a0,0x3
    16d4:	85a2                	mv	a1,s0
    16d6:	7d050513          	addi	a0,a0,2000 # 37d0 <puts+0xbac>
    16da:	526010ef          	jal	ra,2c00 <printf>
    16de:	4505                	li	a0,1
    16e0:	6145                	addi	sp,sp,48
    16e2:	9d5fe06f          	j	b6 <__riscv_restore_0>
    16e6:	081c                	addi	a5,sp,16
    16e8:	1814                	addi	a3,sp,48
    16ea:	2398                	lbu	a4,0(a5)
    16ec:	0785                	addi	a5,a5,1
    16ee:	fff74713          	not	a4,a4
    16f2:	fee78fa3          	sb	a4,-1(a5)
    16f6:	fed79ae3          	bne	a5,a3,16ea <service_runtime_window.constprop.8+0x66>
    16fa:	85a6                	mv	a1,s1
    16fc:	0808                	addi	a0,sp,16
    16fe:	f6bfe0ef          	jal	ra,668 <packet_matches_data_ack>
    1702:	c519                	beqz	a0,1710 <service_runtime_window.constprop.8+0x8c>
    1704:	00003537          	lui	a0,0x3
    1708:	85a2                	mv	a1,s0
    170a:	7e450513          	addi	a0,a0,2020 # 37e4 <puts+0xbc0>
    170e:	b7f1                	j	16da <service_runtime_window.constprop.8+0x56>
    1710:	f3dfe0ef          	jal	ra,64c <is_button_pressed>
    1714:	20000737          	lui	a4,0x20000
    1718:	03870793          	addi	a5,a4,56 # 20000038 <_edata>
    171c:	239c                	lbu	a5,0(a5)
    171e:	03870713          	addi	a4,a4,56
    1722:	0ff7f793          	andi	a5,a5,255
    1726:	e789                	bnez	a5,1730 <service_runtime_window.constprop.8+0xac>
    1728:	80c1a783          	lw	a5,-2036(gp) # 20000044 <g_runtime>
    172c:	e391                	bnez	a5,1730 <service_runtime_window.constprop.8+0xac>
    172e:	c911                	beqz	a0,1742 <service_runtime_window.constprop.8+0xbe>
    1730:	00070023          	sb	zero,0(a4)
    1734:	f7dfe0ef          	jal	ra,6b0 <poll_button_action.constprop.9>
    1738:	c509                	beqz	a0,1742 <service_runtime_window.constprop.8+0xbe>
    173a:	d63ff0ef          	jal	ra,149c <handle_button_action.constprop.5>
    173e:	450d                	li	a0,3
    1740:	b745                	j	16e0 <service_runtime_window.constprop.8+0x5c>
    1742:	1ef000ef          	jal	ra,2130 <IWDG_ReloadCounter>
    1746:	4505                	li	a0,1
    1748:	619000ef          	jal	ra,2560 <Delay_Ms>
    174c:	bfa1                	j	16a4 <service_runtime_window.constprop.8+0x20>
    174e:	4501                	li	a0,0
    1750:	bf41                	j	16e0 <service_runtime_window.constprop.8+0x5c>

00001752 <send_data_with_retry.constprop.7>:
    1752:	95bfe2ef          	jal	t0,ac <__riscv_save_0>
    1756:	1171                	addi	sp,sp,-4
    1758:	c02a                	sw	a0,0(sp)
    175a:	4481                	li	s1,0
    175c:	b83fe0ef          	jal	ra,2de <lora_power_up_tx>
    1760:	4502                	lw	a0,0(sp)
    1762:	02000593          	li	a1,32
    1766:	0ff4f413          	andi	s0,s1,255
    176a:	d89fe0ef          	jal	ra,4f2 <lora_send>
    176e:	80c18793          	addi	a5,gp,-2036 # 20000044 <g_runtime>
    1772:	478c                	lw	a1,8(a5)
    1774:	00003537          	lui	a0,0x3
    1778:	8626                	mv	a2,s1
    177a:	7b850513          	addi	a0,a0,1976 # 37b8 <puts+0xb94>
    177e:	482010ef          	jal	ra,2c00 <printf>
    1782:	b6bfe0ef          	jal	ra,2ec <lora_power_up_rx>
    1786:	80c18793          	addi	a5,gp,-2036 # 20000044 <g_runtime>
    178a:	4794                	lw	a3,8(a5)
    178c:	8622                	mv	a2,s0
    178e:	4585                	li	a1,1
    1790:	19000513          	li	a0,400
    1794:	3dc5                	jal	1684 <service_runtime_window.constprop.8>
    1796:	4685                	li	a3,1
    1798:	80c18793          	addi	a5,gp,-2036 # 20000044 <g_runtime>
    179c:	06d51263          	bne	a0,a3,1800 <send_data_with_retry.constprop.7+0xae>
    17a0:	00249513          	slli	a0,s1,0x2
    17a4:	9526                	add	a0,a0,s1
    17a6:	459d                	li	a1,7
    17a8:	0512                	slli	a0,a0,0x4
    17aa:	937fe0ef          	jal	ra,e0 <__udivsi3>
    17ae:	0ff57513          	andi	a0,a0,255
    17b2:	06400613          	li	a2,100
    17b6:	80c18793          	addi	a5,gp,-2036 # 20000044 <g_runtime>
    17ba:	cd11                	beqz	a0,17d6 <send_data_with_retry.constprop.7+0x84>
    17bc:	06c00693          	li	a3,108
    17c0:	40a68533          	sub	a0,a3,a0
    17c4:	872a                	mv	a4,a0
    17c6:	0ff57513          	andi	a0,a0,255
    17ca:	00a67463          	bgeu	a2,a0,17d2 <send_data_with_retry.constprop.7+0x80>
    17ce:	06400713          	li	a4,100
    17d2:	0ff77613          	andi	a2,a4,255
    17d6:	2f94                	lbu	a3,24(a5)
    17d8:	4705                	li	a4,1
    17da:	bbf8                	sb	a4,23(a5)
    17dc:	ea89                	bnez	a3,17ee <send_data_with_retry.constprop.7+0x9c>
    17de:	abf0                	sb	a2,22(a5)
    17e0:	af98                	sb	a4,24(a5)
    17e2:	aeffe0ef          	jal	ra,2d0 <lora_power_down>
    17e6:	4505                	li	a0,1
    17e8:	0111                	addi	sp,sp,4
    17ea:	8cdfe06f          	j	b6 <__riscv_restore_0>
    17ee:	2bf4                	lbu	a3,22(a5)
    17f0:	00169713          	slli	a4,a3,0x1
    17f4:	9736                	add	a4,a4,a3
    17f6:	0709                	addi	a4,a4,2
    17f8:	9732                	add	a4,a4,a2
    17fa:	8309                	srli	a4,a4,0x2
    17fc:	abf8                	sb	a4,22(a5)
    17fe:	b7d5                	j	17e2 <send_data_with_retry.constprop.7+0x90>
    1800:	460d                	li	a2,3
    1802:	00c51663          	bne	a0,a2,180e <send_data_with_retry.constprop.7+0xbc>
    1806:	acbfe0ef          	jal	ra,2d0 <lora_power_down>
    180a:	450d                	li	a0,3
    180c:	bff1                	j	17e8 <send_data_with_retry.constprop.7+0x96>
    180e:	2f90                	lbu	a2,24(a5)
    1810:	bbf4                	sb	a3,23(a5)
    1812:	e221                	bnez	a2,1852 <send_data_with_retry.constprop.7+0x100>
    1814:	4629                	li	a2,10
    1816:	abf0                	sb	a2,22(a5)
    1818:	af94                	sb	a3,24(a5)
    181a:	469d                	li	a3,7
    181c:	02d48363          	beq	s1,a3,1842 <send_data_with_retry.constprop.7+0xf0>
    1820:	200006b7          	lui	a3,0x20000
    1824:	03c6a503          	lw	a0,60(a3) # 2000003c <g_millis>
    1828:	4794                	lw	a3,8(a5)
    182a:	8622                	mv	a2,s0
    182c:	9526                	add	a0,a0,s1
    182e:	897d                	andi	a0,a0,31
    1830:	03c50513          	addi	a0,a0,60
    1834:	4581                	li	a1,0
    1836:	0506                	slli	a0,a0,0x1
    1838:	e4dff0ef          	jal	ra,1684 <service_runtime_window.constprop.8>
    183c:	478d                	li	a5,3
    183e:	fcf504e3          	beq	a0,a5,1806 <send_data_with_retry.constprop.7+0xb4>
    1842:	0485                	addi	s1,s1,1
    1844:	47a1                	li	a5,8
    1846:	f0f49be3          	bne	s1,a5,175c <send_data_with_retry.constprop.7+0xa>
    184a:	a87fe0ef          	jal	ra,2d0 <lora_power_down>
    184e:	4501                	li	a0,0
    1850:	bf61                	j	17e8 <send_data_with_retry.constprop.7+0x96>
    1852:	2bf0                	lbu	a2,22(a5)
    1854:	00161693          	slli	a3,a2,0x1
    1858:	96b2                	add	a3,a3,a2
    185a:	06b1                	addi	a3,a3,12
    185c:	8289                	srli	a3,a3,0x2
    185e:	abf4                	sb	a3,22(a5)
    1860:	bf6d                	j	181a <send_data_with_retry.constprop.7+0xc8>

00001862 <main>:
    1862:	84bfe2ef          	jal	t0,ac <__riscv_save_0>
    1866:	fc410113          	addi	sp,sp,-60
    186a:	2ef5                	jal	1c66 <SystemCoreClockUpdate>
    186c:	4c1000ef          	jal	ra,252c <Delay_Init>
    1870:	6571                	lui	a0,0x1c
    1872:	20050513          	addi	a0,a0,512 # 1c200 <_data_lma+0x189fc>
    1876:	525000ef          	jal	ra,259a <USART_Printf_Init>
    187a:	00003537          	lui	a0,0x3
    187e:	14850513          	addi	a0,a0,328 # 3148 <puts+0x524>
    1882:	3a2010ef          	jal	ra,2c24 <puts>
    1886:	200007b7          	lui	a5,0x20000
    188a:	00c7a583          	lw	a1,12(a5) # 2000000c <_highcode_vma_end>
    188e:	00003537          	lui	a0,0x3
    1892:	16050513          	addi	a0,a0,352 # 3160 <puts+0x53c>
    1896:	36a010ef          	jal	ra,2c00 <printf>
    189a:	fe9fe0ef          	jal	ra,882 <timer_init>
    189e:	856ff0ef          	jal	ra,8f4 <gpio_init>
    18a2:	a46ff0ef          	jal	ra,ae8 <adc_init>
    18a6:	e8ffe0ef          	jal	ra,734 <pwr_sleep_init>
    18aa:	6405                	lui	s0,0x1
    18ac:	00003537          	lui	a0,0x3
    18b0:	38840593          	addi	a1,s0,904 # 1388 <run_pairing+0x244>
    18b4:	17450513          	addi	a0,a0,372 # 3174 <puts+0x550>
    18b8:	348010ef          	jal	ra,2c00 <printf>
    18bc:	38840513          	addi	a0,s0,904
    18c0:	4a1000ef          	jal	ra,2560 <Delay_Ms>
    18c4:	00003537          	lui	a0,0x3
    18c8:	18c50513          	addi	a0,a0,396 # 318c <puts+0x568>
    18cc:	358010ef          	jal	ra,2c24 <puts>
    18d0:	08800793          	li	a5,136
    18d4:	3007a073          	csrs	mstatus,a5
    18d8:	00003537          	lui	a0,0x3
    18dc:	19050513          	addi	a0,a0,400 # 3190 <puts+0x56c>
    18e0:	344010ef          	jal	ra,2c24 <puts>
    18e4:	a39fe0ef          	jal	ra,31c <lora_init>
    18e8:	9e9fe0ef          	jal	ra,2d0 <lora_power_down>
    18ec:	f20ff0ef          	jal	ra,100c <flash_read_settings>
    18f0:	82c18793          	addi	a5,gp,-2004 # 20000064 <g_settings>
    18f4:	23d8                	lbu	a4,4(a5)
    18f6:	82c18693          	addi	a3,gp,-2004 # 20000064 <g_settings>
    18fa:	4785                	li	a5,1
    18fc:	c636                	sw	a3,12(sp)
    18fe:	0cf71463          	bne	a4,a5,19c6 <main+0x164>
    1902:	22ae                	lhu	a1,2(a3)
    1904:	00003537          	lui	a0,0x3
    1908:	1a050513          	addi	a0,a0,416 # 31a0 <puts+0x57c>
    190c:	2f4010ef          	jal	ra,2c00 <printf>
    1910:	4495                	li	s1,5
    1912:	40011437          	lui	s0,0x40011
    1916:	4591                	li	a1,4
    1918:	40040513          	addi	a0,s0,1024 # 40011400 <__global_pointer$+0x20010bc8>
    191c:	7d2000ef          	jal	ra,20ee <GPIO_SetBits>
    1920:	06400513          	li	a0,100
    1924:	43d000ef          	jal	ra,2560 <Delay_Ms>
    1928:	4591                	li	a1,4
    192a:	40040513          	addi	a0,s0,1024
    192e:	7c4000ef          	jal	ra,20f2 <GPIO_ResetBits>
    1932:	06400513          	li	a0,100
    1936:	14fd                	addi	s1,s1,-1
    1938:	429000ef          	jal	ra,2560 <Delay_Ms>
    193c:	f8f9                	bnez	s1,1912 <main+0xb0>
    193e:	4591                	li	a1,4
    1940:	40040513          	addi	a0,s0,1024
    1944:	7ae000ef          	jal	ra,20f2 <GPIO_ResetBits>
    1948:	00003537          	lui	a0,0x3
    194c:	1e450513          	addi	a0,a0,484 # 31e4 <puts+0x5c0>
    1950:	2d4010ef          	jal	ra,2c24 <puts>
    1954:	6741                	lui	a4,0x10
    1956:	80c18793          	addi	a5,gp,-2036 # 20000044 <g_runtime>
    195a:	177d                	addi	a4,a4,-1
    195c:	c7d8                	sw	a4,12(a5)
    195e:	0ff00713          	li	a4,255
    1962:	cb98                	sw	a4,16(a5)
    1964:	0007a023          	sw	zero,0(a5)
    1968:	00078223          	sb	zero,4(a5)
    196c:	00079323          	sh	zero,6(a5)
    1970:	0007a423          	sw	zero,8(a5)
    1974:	0007aa23          	sw	zero,20(a5)
    1978:	00079c23          	sh	zero,24(a5)
    197c:	200004b7          	lui	s1,0x20000
    1980:	82018423          	sb	zero,-2008(gp) # 20000060 <g_sensor_event_pending>
    1984:	03848713          	addi	a4,s1,56 # 20000038 <_edata>
    1988:	00070023          	sb	zero,0(a4) # 10000 <_data_lma+0xc7fc>
    198c:	e9bfe0ef          	jal	ra,826 <iwdg_init>
    1990:	03848793          	addi	a5,s1,56
    1994:	80c18413          	addi	s0,gp,-2036 # 20000044 <g_runtime>
    1998:	c83e                	sw	a5,16(sp)
    199a:	796000ef          	jal	ra,2130 <IWDG_ReloadCounter>
    199e:	caffe0ef          	jal	ra,64c <is_button_pressed>
    19a2:	47c2                	lw	a5,16(sp)
    19a4:	84aa                	mv	s1,a0
    19a6:	239c                	lbu	a5,0(a5)
    19a8:	0ff7f793          	andi	a5,a5,255
    19ac:	e781                	bnez	a5,19b4 <main+0x152>
    19ae:	401c                	lw	a5,0(s0)
    19b0:	e391                	bnez	a5,19b4 <main+0x152>
    19b2:	c515                	beqz	a0,19de <main+0x17c>
    19b4:	47c2                	lw	a5,16(sp)
    19b6:	00078023          	sb	zero,0(a5)
    19ba:	cf7fe0ef          	jal	ra,6b0 <poll_button_action.constprop.9>
    19be:	c919                	beqz	a0,19d4 <main+0x172>
    19c0:	addff0ef          	jal	ra,149c <handle_button_action.constprop.5>
    19c4:	bfd9                	j	199a <main+0x138>
    19c6:	00003537          	lui	a0,0x3
    19ca:	1bc50513          	addi	a0,a0,444 # 31bc <puts+0x598>
    19ce:	256010ef          	jal	ra,2c24 <puts>
    19d2:	bf3d                	j	1910 <main+0xae>
    19d4:	c489                	beqz	s1,19de <main+0x17c>
    19d6:	4529                	li	a0,10
    19d8:	389000ef          	jal	ra,2560 <Delay_Ms>
    19dc:	bf7d                	j	199a <main+0x138>
    19de:	47b2                	lw	a5,12(sp)
    19e0:	4705                	li	a4,1
    19e2:	23c4                	lbu	s1,4(a5)
    19e4:	1ce49963          	bne	s1,a4,1bb6 <main+0x354>
    19e8:	8d2ff0ef          	jal	ra,aba <read_tank_level>
    19ec:	2838                	lbu	a4,18(s0)
    19ee:	85aa                	mv	a1,a0
    19f0:	ef09                	bnez	a4,1a0a <main+0x1a8>
    19f2:	b468                	sb	a0,15(s0)
    19f4:	a808                	sb	a0,16(s0)
    19f6:	00003537          	lui	a0,0x3
    19fa:	000408a3          	sb	zero,17(s0)
    19fe:	a824                	sb	s1,18(s0)
    1a00:	20050513          	addi	a0,a0,512 # 3200 <puts+0x5dc>
    1a04:	1fc010ef          	jal	ra,2c00 <printf>
    1a08:	a039                	j	1a16 <main+0x1b4>
    1a0a:	3478                	lbu	a4,15(s0)
    1a0c:	02a71d63          	bne	a4,a0,1a46 <main+0x1e4>
    1a10:	000408a3          	sb	zero,17(s0)
    1a14:	a818                	sb	a4,16(s0)
    1a16:	00c44303          	lbu	t1,12(s0)
    1a1a:	0ff00793          	li	a5,255
    1a1e:	3464                	lbu	s1,15(s0)
    1a20:	06f31c63          	bne	t1,a5,1a98 <main+0x236>
    1a24:	b444                	sb	s1,13(s0)
    1a26:	ca1a                	sw	t1,20(sp)
    1a28:	bfaff0ef          	jal	ra,e22 <read_battery_level>
    1a2c:	85aa                	mv	a1,a0
    1a2e:	b828                	sb	a0,19(s0)
    1a30:	00003537          	lui	a0,0x3
    1a34:	2b850513          	addi	a0,a0,696 # 32b8 <puts+0x694>
    1a38:	1c8010ef          	jal	ra,2c00 <printf>
    1a3c:	4529                	li	a0,10
    1a3e:	323000ef          	jal	ra,2560 <Delay_Ms>
    1a42:	4352                	lw	t1,20(sp)
    1a44:	a895                	j	1ab8 <main+0x256>
    1a46:	2818                	lbu	a4,16(s0)
    1a48:	02e51c63          	bne	a0,a4,1a80 <main+0x21e>
    1a4c:	3810                	lbu	a2,17(s0)
    1a4e:	00003537          	lui	a0,0x3
    1a52:	4689                	li	a3,2
    1a54:	0605                	addi	a2,a2,1
    1a56:	0ff67613          	andi	a2,a2,255
    1a5a:	21c50513          	addi	a0,a0,540 # 321c <puts+0x5f8>
    1a5e:	b810                	sb	a2,17(s0)
    1a60:	1a0010ef          	jal	ra,2c00 <printf>
    1a64:	3818                	lbu	a4,17(s0)
    1a66:	fae4f8e3          	bgeu	s1,a4,1a16 <main+0x1b4>
    1a6a:	280c                	lbu	a1,16(s0)
    1a6c:	47b1                	li	a5,12
    1a6e:	00003537          	lui	a0,0x3
    1a72:	b46c                	sb	a1,15(s0)
    1a74:	000408a3          	sb	zero,17(s0)
    1a78:	bc1c                	sb	a5,25(s0)
    1a7a:	24450513          	addi	a0,a0,580 # 3244 <puts+0x620>
    1a7e:	b759                	j	1a04 <main+0x1a2>
    1a80:	a808                	sb	a0,16(s0)
    1a82:	00003537          	lui	a0,0x3
    1a86:	47b1                	li	a5,12
    1a88:	4609                	li	a2,2
    1a8a:	27850513          	addi	a0,a0,632 # 3278 <puts+0x654>
    1a8e:	b804                	sb	s1,17(s0)
    1a90:	bc1c                	sb	a5,25(s0)
    1a92:	16e010ef          	jal	ra,2c00 <printf>
    1a96:	b741                	j	1a16 <main+0x1b4>
    1a98:	207a                	lhu	a4,6(s0)
    1a9a:	0a930263          	beq	t1,s1,1b3e <main+0x2dc>
    1a9e:	345c                	lbu	a5,13(s0)
    1aa0:	16978d63          	beq	a5,s1,1c1a <main+0x3b8>
    1aa4:	b444                	sb	s1,13(s0)
    1aa6:	00040723          	sb	zero,14(s0)
    1aaa:	6785                	lui	a5,0x1
    1aac:	b3f78793          	addi	a5,a5,-1217 # b3f <adc_init+0x57>
    1ab0:	f6e7ebe3          	bltu	a5,a4,1a26 <main+0x1c4>
    1ab4:	383c                	lbu	a5,19(s0)
    1ab6:	dba5                	beqz	a5,1a26 <main+0x1c4>
    1ab8:	85a6                	mv	a1,s1
    1aba:	0868                	addi	a0,sp,28
    1abc:	ca1a                	sw	t1,20(sp)
    1abe:	e22ff0ef          	jal	ra,10e0 <prepare_data_packet>
    1ac2:	00e44283          	lbu	t0,14(s0)
    1ac6:	4352                	lw	t1,20(sp)
    1ac8:	0285                	addi	t0,t0,1
    1aca:	0ff2f293          	andi	t0,t0,255
    1ace:	0a931363          	bne	t1,s1,1b74 <main+0x312>
    1ad2:	000035b7          	lui	a1,0x3
    1ad6:	14458593          	addi	a1,a1,324 # 3144 <puts+0x520>
    1ada:	8081c783          	lbu	a5,-2040(gp) # 20000040 <g_probe_fault>
    1ade:	00003537          	lui	a0,0x3
    1ae2:	8716                	mv	a4,t0
    1ae4:	c43e                	sw	a5,8(sp)
    1ae6:	387c                	lbu	a5,23(s0)
    1ae8:	86a6                	mv	a3,s1
    1aea:	2d450513          	addi	a0,a0,724 # 32d4 <puts+0x6b0>
    1aee:	c23e                	sw	a5,4(sp)
    1af0:	287c                	lbu	a5,22(s0)
    1af2:	cc1a                	sw	t1,24(sp)
    1af4:	ca16                	sw	t0,20(sp)
    1af6:	c03e                	sw	a5,0(sp)
    1af8:	383c                	lbu	a5,19(s0)
    1afa:	4410                	lw	a2,8(s0)
    1afc:	104010ef          	jal	ra,2c00 <printf>
    1b00:	0868                	addi	a0,sp,28
    1b02:	c51ff0ef          	jal	ra,1752 <send_data_with_retry.constprop.7>
    1b06:	478d                	li	a5,3
    1b08:	e8f509e3          	beq	a0,a5,199a <main+0x138>
    1b0c:	4785                	li	a5,1
    1b0e:	42d2                	lw	t0,20(sp)
    1b10:	06f51763          	bne	a0,a5,1b7e <main+0x31c>
    1b14:	441c                	lw	a5,8(s0)
    1b16:	4362                	lw	t1,24(sp)
    1b18:	a444                	sb	s1,12(s0)
    1b1a:	0785                	addi	a5,a5,1
    1b1c:	b444                	sb	s1,13(s0)
    1b1e:	00040723          	sb	zero,14(s0)
    1b22:	c41c                	sw	a5,8(s0)
    1b24:	00930a63          	beq	t1,s1,1b38 <main+0x2d6>
    1b28:	00003537          	lui	a0,0x3
    1b2c:	47b1                	li	a5,12
    1b2e:	31450513          	addi	a0,a0,788 # 3314 <puts+0x6f0>
    1b32:	bc1c                	sb	a5,25(s0)
    1b34:	0f0010ef          	jal	ra,2c24 <puts>
    1b38:	00041323          	sh	zero,6(s0)
    1b3c:	a811                	j	1b50 <main+0x2ee>
    1b3e:	6785                	lui	a5,0x1
    1b40:	006406a3          	sb	t1,13(s0)
    1b44:	00040723          	sb	zero,14(s0)
    1b48:	b3f78793          	addi	a5,a5,-1217 # b3f <adc_init+0x57>
    1b4c:	ece7ede3          	bltu	a5,a4,1a26 <main+0x1c4>
    1b50:	47b2                	lw	a5,12(sp)
    1b52:	23d8                	lbu	a4,4(a5)
    1b54:	4785                	li	a5,1
    1b56:	00f71663          	bne	a4,a5,1b62 <main+0x300>
    1b5a:	3814                	lbu	a3,17(s0)
    1b5c:	e6a5                	bnez	a3,1bc4 <main+0x362>
    1b5e:	3c1c                	lbu	a5,25(s0)
    1b60:	efd9                	bnez	a5,1bfe <main+0x39c>
    1b62:	00003537          	lui	a0,0x3
    1b66:	45bd                	li	a1,15
    1b68:	47450513          	addi	a0,a0,1140 # 3474 <puts+0x850>
    1b6c:	094010ef          	jal	ra,2c00 <printf>
    1b70:	44bd                	li	s1,15
    1b72:	a09d                	j	1bd8 <main+0x376>
    1b74:	000035b7          	lui	a1,0x3
    1b78:	14058593          	addi	a1,a1,320 # 3140 <puts+0x51c>
    1b7c:	bfb9                	j	1ada <main+0x278>
    1b7e:	00003537          	lui	a0,0x3
    1b82:	4621                	li	a2,8
    1b84:	8596                	mv	a1,t0
    1b86:	34c50513          	addi	a0,a0,844 # 334c <puts+0x728>
    1b8a:	076010ef          	jal	ra,2c00 <printf>
    1b8e:	247c                	lbu	a5,14(s0)
    1b90:	4418                	lw	a4,8(s0)
    1b92:	0785                	addi	a5,a5,1
    1b94:	0705                	addi	a4,a4,1
    1b96:	0ff7f793          	andi	a5,a5,255
    1b9a:	c418                	sw	a4,8(s0)
    1b9c:	a47c                	sb	a5,14(s0)
    1b9e:	4709                	li	a4,2
    1ba0:	f8f77ce3          	bgeu	a4,a5,1b38 <main+0x2d6>
    1ba4:	00003537          	lui	a0,0x3
    1ba8:	85a6                	mv	a1,s1
    1baa:	38050513          	addi	a0,a0,896 # 3380 <puts+0x75c>
    1bae:	a444                	sb	s1,12(s0)
    1bb0:	050010ef          	jal	ra,2c00 <printf>
    1bb4:	b751                	j	1b38 <main+0x2d6>
    1bb6:	00003537          	lui	a0,0x3
    1bba:	3c050513          	addi	a0,a0,960 # 33c0 <puts+0x79c>
    1bbe:	066010ef          	jal	ra,2c24 <puts>
    1bc2:	b779                	j	1b50 <main+0x2ee>
    1bc4:	2810                	lbu	a2,16(s0)
    1bc6:	00003537          	lui	a0,0x3
    1bca:	4709                	li	a4,2
    1bcc:	4595                	li	a1,5
    1bce:	3e850513          	addi	a0,a0,1000 # 33e8 <puts+0x7c4>
    1bd2:	02e010ef          	jal	ra,2c00 <printf>
    1bd6:	4495                	li	s1,5
    1bd8:	000037b7          	lui	a5,0x3
    1bdc:	49478513          	addi	a0,a5,1172 # 3494 <puts+0x870>
    1be0:	044010ef          	jal	ra,2c24 <puts>
    1be4:	8526                	mv	a0,s1
    1be6:	f89fe0ef          	jal	ra,b6e <enter_deep_sleep>
    1bea:	4595                	li	a1,5
    1bec:	8526                	mv	a0,s1
    1bee:	cf2fe0ef          	jal	ra,e0 <__udivsi3>
    1bf2:	207e                	lhu	a5,6(s0)
    1bf4:	0ff57513          	andi	a0,a0,255
    1bf8:	97aa                	add	a5,a5,a0
    1bfa:	a07e                	sh	a5,6(s0)
    1bfc:	bb79                	j	199a <main+0x138>
    1bfe:	00279613          	slli	a2,a5,0x2
    1c02:	00003537          	lui	a0,0x3
    1c06:	963e                	add	a2,a2,a5
    1c08:	4595                	li	a1,5
    1c0a:	43050513          	addi	a0,a0,1072 # 3430 <puts+0x80c>
    1c0e:	7f3000ef          	jal	ra,2c00 <printf>
    1c12:	3c1c                	lbu	a5,25(s0)
    1c14:	17fd                	addi	a5,a5,-1
    1c16:	bc1c                	sb	a5,25(s0)
    1c18:	bf7d                	j	1bd6 <main+0x374>
    1c1a:	2474                	lbu	a3,14(s0)
    1c1c:	4789                	li	a5,2
    1c1e:	f2d7e9e3          	bltu	a5,a3,1b50 <main+0x2ee>
    1c22:	b561                	j	1aaa <main+0x248>

00001c24 <SystemInit>:
    1c24:	400217b7          	lui	a5,0x40021
    1c28:	4398                	lw	a4,0(a5)
    1c2a:	f8ff06b7          	lui	a3,0xf8ff0
    1c2e:	00176713          	ori	a4,a4,1
    1c32:	c398                	sw	a4,0(a5)
    1c34:	43d8                	lw	a4,4(a5)
    1c36:	8f75                	and	a4,a4,a3
    1c38:	c3d8                	sw	a4,4(a5)
    1c3a:	4398                	lw	a4,0(a5)
    1c3c:	fef706b7          	lui	a3,0xfef70
    1c40:	16fd                	addi	a3,a3,-1
    1c42:	8f75                	and	a4,a4,a3
    1c44:	c398                	sw	a4,0(a5)
    1c46:	4398                	lw	a4,0(a5)
    1c48:	fffc06b7          	lui	a3,0xfffc0
    1c4c:	16fd                	addi	a3,a3,-1
    1c4e:	8f75                	and	a4,a4,a3
    1c50:	c398                	sw	a4,0(a5)
    1c52:	43d8                	lw	a4,4(a5)
    1c54:	ff4006b7          	lui	a3,0xff400
    1c58:	16fd                	addi	a3,a3,-1
    1c5a:	8f75                	and	a4,a4,a3
    1c5c:	c3d8                	sw	a4,4(a5)
    1c5e:	009f0737          	lui	a4,0x9f0
    1c62:	c798                	sw	a4,8(a5)
    1c64:	8082                	ret

00001c66 <SystemCoreClockUpdate>:
    1c66:	400216b7          	lui	a3,0x40021
    1c6a:	42d8                	lw	a4,4(a3)
    1c6c:	200007b7          	lui	a5,0x20000
    1c70:	4611                	li	a2,4
    1c72:	8b31                	andi	a4,a4,12
    1c74:	00c78793          	addi	a5,a5,12 # 2000000c <_highcode_vma_end>
    1c78:	00c70563          	beq	a4,a2,1c82 <SystemCoreClockUpdate+0x1c>
    1c7c:	4621                	li	a2,8
    1c7e:	00c70863          	beq	a4,a2,1c8e <SystemCoreClockUpdate+0x28>
    1c82:	016e3737          	lui	a4,0x16e3
    1c86:	60070713          	addi	a4,a4,1536 # 16e3600 <_data_lma+0x16dfdfc>
    1c8a:	c398                	sw	a4,0(a5)
    1c8c:	8082                	ret
    1c8e:	42d8                	lw	a4,4(a3)
    1c90:	00f71693          	slli	a3,a4,0xf
    1c94:	fe06d7e3          	bgez	a3,1c82 <SystemCoreClockUpdate+0x1c>
    1c98:	02dc7737          	lui	a4,0x2dc7
    1c9c:	c0070713          	addi	a4,a4,-1024 # 2dc6c00 <_data_lma+0x2dc33fc>
    1ca0:	b7ed                	j	1c8a <SystemCoreClockUpdate+0x24>

00001ca2 <ADC1_IRQHandler>:
    1ca2:	a001                	j	1ca2 <ADC1_IRQHandler>

00001ca4 <handle_reset>:
    1ca4:	1ffff197          	auipc	gp,0x1ffff
    1ca8:	b9418193          	addi	gp,gp,-1132 # 20000838 <__global_pointer$>
    1cac:	fc818113          	addi	sp,gp,-56 # 20000800 <_eusrstack>
    1cb0:	0a000513          	li	a0,160
    1cb4:	1fffe597          	auipc	a1,0x1fffe
    1cb8:	34c58593          	addi	a1,a1,844 # 20000000 <WFE>
    1cbc:	1fffe617          	auipc	a2,0x1fffe
    1cc0:	35060613          	addi	a2,a2,848 # 2000000c <_highcode_vma_end>
    1cc4:	00c5fa63          	bgeu	a1,a2,1cd8 <handle_reset+0x34>
    1cc8:	00052283          	lw	t0,0(a0)
    1ccc:	0055a023          	sw	t0,0(a1)
    1cd0:	0511                	addi	a0,a0,4
    1cd2:	0591                	addi	a1,a1,4
    1cd4:	fec5eae3          	bltu	a1,a2,1cc8 <handle_reset+0x24>
    1cd8:	00002517          	auipc	a0,0x2
    1cdc:	b2c50513          	addi	a0,a0,-1236 # 3804 <_data_lma>
    1ce0:	1fffe597          	auipc	a1,0x1fffe
    1ce4:	32c58593          	addi	a1,a1,812 # 2000000c <_highcode_vma_end>
    1ce8:	1fffe617          	auipc	a2,0x1fffe
    1cec:	35060613          	addi	a2,a2,848 # 20000038 <_edata>
    1cf0:	00c5fa63          	bgeu	a1,a2,1d04 <handle_reset+0x60>
    1cf4:	00052283          	lw	t0,0(a0)
    1cf8:	0055a023          	sw	t0,0(a1)
    1cfc:	0511                	addi	a0,a0,4
    1cfe:	0591                	addi	a1,a1,4
    1d00:	fec5eae3          	bltu	a1,a2,1cf4 <handle_reset+0x50>
    1d04:	1fffe517          	auipc	a0,0x1fffe
    1d08:	33450513          	addi	a0,a0,820 # 20000038 <_edata>
    1d0c:	83c18593          	addi	a1,gp,-1988 # 20000074 <_ebss>
    1d10:	00b57763          	bgeu	a0,a1,1d1e <handle_reset+0x7a>
    1d14:	00052023          	sw	zero,0(a0)
    1d18:	0511                	addi	a0,a0,4
    1d1a:	feb56de3          	bltu	a0,a1,1d14 <handle_reset+0x70>
    1d1e:	000022b7          	lui	t0,0x2
    1d22:	88028293          	addi	t0,t0,-1920 # 1880 <main+0x1e>
    1d26:	30029073          	csrw	mstatus,t0
    1d2a:	428d                	li	t0,3
    1d2c:	80429073          	csrw	0x804,t0
    1d30:	ffffe297          	auipc	t0,0xffffe
    1d34:	2d028293          	addi	t0,t0,720 # 0 <_sinit>
    1d38:	0032e293          	ori	t0,t0,3
    1d3c:	30529073          	csrw	mtvec,t0
    1d40:	ee5ff0ef          	jal	ra,1c24 <SystemInit>
    1d44:	00000297          	auipc	t0,0x0
    1d48:	b1e28293          	addi	t0,t0,-1250 # 1862 <main>
    1d4c:	34129073          	csrw	mepc,t0
    1d50:	30200073          	mret

00001d54 <ADC_DeInit>:
    1d54:	400127b7          	lui	a5,0x40012
    1d58:	40078793          	addi	a5,a5,1024 # 40012400 <__global_pointer$+0x20011bc8>
    1d5c:	00f51e63          	bne	a0,a5,1d78 <ADC_DeInit+0x24>
    1d60:	b4cfe2ef          	jal	t0,ac <__riscv_save_0>
    1d64:	4585                	li	a1,1
    1d66:	20000513          	li	a0,512
    1d6a:	2b51                	jal	22fe <RCC_APB2PeriphResetCmd>
    1d6c:	4581                	li	a1,0
    1d6e:	20000513          	li	a0,512
    1d72:	2371                	jal	22fe <RCC_APB2PeriphResetCmd>
    1d74:	b42fe06f          	j	b6 <__riscv_restore_0>
    1d78:	8082                	ret

00001d7a <ADC_Init>:
    1d7a:	415c                	lw	a5,4(a0)
    1d7c:	fff10737          	lui	a4,0xfff10
    1d80:	eff70713          	addi	a4,a4,-257 # fff0feff <__global_pointer$+0xdff0f6c7>
    1d84:	8f7d                	and	a4,a4,a5
    1d86:	41dc                	lw	a5,4(a1)
    1d88:	4194                	lw	a3,0(a1)
    1d8a:	07a2                	slli	a5,a5,0x8
    1d8c:	8fd5                	or	a5,a5,a3
    1d8e:	8fd9                	or	a5,a5,a4
    1d90:	c15c                	sw	a5,4(a0)
    1d92:	451c                	lw	a5,8(a0)
    1d94:	fff1f737          	lui	a4,0xfff1f
    1d98:	7fd70713          	addi	a4,a4,2045 # fff1f7fd <__global_pointer$+0xdff1efc5>
    1d9c:	45d4                	lw	a3,12(a1)
    1d9e:	8f7d                	and	a4,a4,a5
    1da0:	499c                	lw	a5,16(a1)
    1da2:	8fd5                	or	a5,a5,a3
    1da4:	4594                	lw	a3,8(a1)
    1da6:	0686                	slli	a3,a3,0x1
    1da8:	8fd5                	or	a5,a5,a3
    1daa:	8fd9                	or	a5,a5,a4
    1dac:	c51c                	sw	a5,8(a0)
    1dae:	555c                	lw	a5,44(a0)
    1db0:	ff100737          	lui	a4,0xff100
    1db4:	177d                	addi	a4,a4,-1
    1db6:	8f7d                	and	a4,a4,a5
    1db8:	29dc                	lbu	a5,20(a1)
    1dba:	17fd                	addi	a5,a5,-1
    1dbc:	0ff7f793          	andi	a5,a5,255
    1dc0:	07d2                	slli	a5,a5,0x14
    1dc2:	8fd9                	or	a5,a5,a4
    1dc4:	d55c                	sw	a5,44(a0)
    1dc6:	8082                	ret

00001dc8 <ADC_Cmd>:
    1dc8:	451c                	lw	a5,8(a0)
    1dca:	c589                	beqz	a1,1dd4 <ADC_Cmd+0xc>
    1dcc:	0017e793          	ori	a5,a5,1
    1dd0:	c51c                	sw	a5,8(a0)
    1dd2:	8082                	ret
    1dd4:	9bf9                	andi	a5,a5,-2
    1dd6:	bfed                	j	1dd0 <ADC_Cmd+0x8>

00001dd8 <ADC_ResetCalibration>:
    1dd8:	451c                	lw	a5,8(a0)
    1dda:	0087e793          	ori	a5,a5,8
    1dde:	c51c                	sw	a5,8(a0)
    1de0:	8082                	ret

00001de2 <ADC_GetResetCalibrationStatus>:
    1de2:	4508                	lw	a0,8(a0)
    1de4:	810d                	srli	a0,a0,0x3
    1de6:	8905                	andi	a0,a0,1
    1de8:	8082                	ret

00001dea <ADC_StartCalibration>:
    1dea:	451c                	lw	a5,8(a0)
    1dec:	0047e793          	ori	a5,a5,4
    1df0:	c51c                	sw	a5,8(a0)
    1df2:	8082                	ret

00001df4 <ADC_GetCalibrationStatus>:
    1df4:	4508                	lw	a0,8(a0)
    1df6:	8109                	srli	a0,a0,0x2
    1df8:	8905                	andi	a0,a0,1
    1dfa:	8082                	ret

00001dfc <ADC_SoftwareStartConvCmd>:
    1dfc:	451c                	lw	a5,8(a0)
    1dfe:	c591                	beqz	a1,1e0a <ADC_SoftwareStartConvCmd+0xe>
    1e00:	00500737          	lui	a4,0x500
    1e04:	8fd9                	or	a5,a5,a4
    1e06:	c51c                	sw	a5,8(a0)
    1e08:	8082                	ret
    1e0a:	ffb00737          	lui	a4,0xffb00
    1e0e:	177d                	addi	a4,a4,-1
    1e10:	8ff9                	and	a5,a5,a4
    1e12:	bfd5                	j	1e06 <ADC_SoftwareStartConvCmd+0xa>

00001e14 <ADC_RegularChannelConfig>:
    1e14:	47a5                	li	a5,9
    1e16:	04b7f863          	bgeu	a5,a1,1e66 <ADC_RegularChannelConfig+0x52>
    1e1a:	ff658713          	addi	a4,a1,-10
    1e1e:	00171793          	slli	a5,a4,0x1
    1e22:	00c52283          	lw	t0,12(a0)
    1e26:	97ba                	add	a5,a5,a4
    1e28:	431d                	li	t1,7
    1e2a:	00f31333          	sll	t1,t1,a5
    1e2e:	fff34313          	not	t1,t1
    1e32:	00537333          	and	t1,t1,t0
    1e36:	00f697b3          	sll	a5,a3,a5
    1e3a:	0067e7b3          	or	a5,a5,t1
    1e3e:	c55c                	sw	a5,12(a0)
    1e40:	4799                	li	a5,6
    1e42:	04c7e363          	bltu	a5,a2,1e88 <ADC_RegularChannelConfig+0x74>
    1e46:	167d                	addi	a2,a2,-1
    1e48:	00261793          	slli	a5,a2,0x2
    1e4c:	963e                	add	a2,a2,a5
    1e4e:	5958                	lw	a4,52(a0)
    1e50:	47fd                	li	a5,31
    1e52:	00c797b3          	sll	a5,a5,a2
    1e56:	fff7c793          	not	a5,a5
    1e5a:	8ff9                	and	a5,a5,a4
    1e5c:	00c595b3          	sll	a1,a1,a2
    1e60:	8ddd                	or	a1,a1,a5
    1e62:	d94c                	sw	a1,52(a0)
    1e64:	8082                	ret
    1e66:	00159793          	slli	a5,a1,0x1
    1e6a:	01052303          	lw	t1,16(a0)
    1e6e:	97ae                	add	a5,a5,a1
    1e70:	471d                	li	a4,7
    1e72:	00f71733          	sll	a4,a4,a5
    1e76:	fff74713          	not	a4,a4
    1e7a:	00677733          	and	a4,a4,t1
    1e7e:	00f697b3          	sll	a5,a3,a5
    1e82:	8f5d                	or	a4,a4,a5
    1e84:	c918                	sw	a4,16(a0)
    1e86:	bf6d                	j	1e40 <ADC_RegularChannelConfig+0x2c>
    1e88:	47b1                	li	a5,12
    1e8a:	02c7e263          	bltu	a5,a2,1eae <ADC_RegularChannelConfig+0x9a>
    1e8e:	1665                	addi	a2,a2,-7
    1e90:	00261793          	slli	a5,a2,0x2
    1e94:	963e                	add	a2,a2,a5
    1e96:	5918                	lw	a4,48(a0)
    1e98:	47fd                	li	a5,31
    1e9a:	00c797b3          	sll	a5,a5,a2
    1e9e:	fff7c793          	not	a5,a5
    1ea2:	8ff9                	and	a5,a5,a4
    1ea4:	00c595b3          	sll	a1,a1,a2
    1ea8:	8ddd                	or	a1,a1,a5
    1eaa:	d90c                	sw	a1,48(a0)
    1eac:	8082                	ret
    1eae:	164d                	addi	a2,a2,-13
    1eb0:	00261713          	slli	a4,a2,0x2
    1eb4:	5554                	lw	a3,44(a0)
    1eb6:	963a                	add	a2,a2,a4
    1eb8:	47fd                	li	a5,31
    1eba:	00c797b3          	sll	a5,a5,a2
    1ebe:	fff7c793          	not	a5,a5
    1ec2:	8ff5                	and	a5,a5,a3
    1ec4:	00c595b3          	sll	a1,a1,a2
    1ec8:	8ddd                	or	a1,a1,a5
    1eca:	d54c                	sw	a1,44(a0)
    1ecc:	8082                	ret

00001ece <ADC_GetConversionValue>:
    1ece:	4568                	lw	a0,76(a0)
    1ed0:	0542                	slli	a0,a0,0x10
    1ed2:	8141                	srli	a0,a0,0x10
    1ed4:	8082                	ret

00001ed6 <ADC_GetFlagStatus>:
    1ed6:	4108                	lw	a0,0(a0)
    1ed8:	8d6d                	and	a0,a0,a1
    1eda:	00a03533          	snez	a0,a0
    1ede:	8082                	ret

00001ee0 <EXTI_Init>:
    1ee0:	4158                	lw	a4,4(a0)
    1ee2:	00052303          	lw	t1,0(a0)
    1ee6:	454c                	lw	a1,12(a0)
    1ee8:	40010637          	lui	a2,0x40010
    1eec:	40060793          	addi	a5,a2,1024 # 40010400 <__global_pointer$+0x2000fbc8>
    1ef0:	973e                	add	a4,a4,a5
    1ef2:	fff34693          	not	a3,t1
    1ef6:	c5b1                	beqz	a1,1f42 <EXTI_Init+0x62>
    1ef8:	40062583          	lw	a1,1024(a2)
    1efc:	8df5                	and	a1,a1,a3
    1efe:	40b62023          	sw	a1,1024(a2)
    1f02:	43d0                	lw	a2,4(a5)
    1f04:	8ef1                	and	a3,a3,a2
    1f06:	c3d4                	sw	a3,4(a5)
    1f08:	4314                	lw	a3,0(a4)
    1f0a:	0066e6b3          	or	a3,a3,t1
    1f0e:	c314                	sw	a3,0(a4)
    1f10:	4118                	lw	a4,0(a0)
    1f12:	4790                	lw	a2,8(a5)
    1f14:	fff74693          	not	a3,a4
    1f18:	8e75                	and	a2,a2,a3
    1f1a:	c790                	sw	a2,8(a5)
    1f1c:	47d0                	lw	a2,12(a5)
    1f1e:	8ef1                	and	a3,a3,a2
    1f20:	c7d4                	sw	a3,12(a5)
    1f22:	4514                	lw	a3,8(a0)
    1f24:	4641                	li	a2,16
    1f26:	00c69963          	bne	a3,a2,1f38 <EXTI_Init+0x58>
    1f2a:	4794                	lw	a3,8(a5)
    1f2c:	8ed9                	or	a3,a3,a4
    1f2e:	c794                	sw	a3,8(a5)
    1f30:	47d4                	lw	a3,12(a5)
    1f32:	8f55                	or	a4,a4,a3
    1f34:	c7d8                	sw	a4,12(a5)
    1f36:	8082                	ret
    1f38:	97b6                	add	a5,a5,a3
    1f3a:	4394                	lw	a3,0(a5)
    1f3c:	8f55                	or	a4,a4,a3
    1f3e:	c398                	sw	a4,0(a5)
    1f40:	8082                	ret
    1f42:	431c                	lw	a5,0(a4)
    1f44:	8ff5                	and	a5,a5,a3
    1f46:	c31c                	sw	a5,0(a4)
    1f48:	8082                	ret

00001f4a <EXTI_GetITStatus>:
    1f4a:	400107b7          	lui	a5,0x40010
    1f4e:	40078713          	addi	a4,a5,1024 # 40010400 <__global_pointer$+0x2000fbc8>
    1f52:	4007a783          	lw	a5,1024(a5)
    1f56:	4b58                	lw	a4,20(a4)
    1f58:	8f69                	and	a4,a4,a0
    1f5a:	c709                	beqz	a4,1f64 <EXTI_GetITStatus+0x1a>
    1f5c:	8d7d                	and	a0,a0,a5
    1f5e:	00a03533          	snez	a0,a0
    1f62:	8082                	ret
    1f64:	4501                	li	a0,0
    1f66:	8082                	ret

00001f68 <EXTI_ClearITPendingBit>:
    1f68:	400107b7          	lui	a5,0x40010
    1f6c:	40a7aa23          	sw	a0,1044(a5) # 40010414 <__global_pointer$+0x2000fbdc>
    1f70:	8082                	ret

00001f72 <FLASH_Unlock>:
    1f72:	456707b7          	lui	a5,0x45670
    1f76:	40022737          	lui	a4,0x40022
    1f7a:	12378793          	addi	a5,a5,291 # 45670123 <__global_pointer$+0x2566f8eb>
    1f7e:	c35c                	sw	a5,4(a4)
    1f80:	cdef97b7          	lui	a5,0xcdef9
    1f84:	9ab78793          	addi	a5,a5,-1621 # cdef89ab <__global_pointer$+0xadef8173>
    1f88:	c35c                	sw	a5,4(a4)
    1f8a:	8082                	ret

00001f8c <FLASH_Lock>:
    1f8c:	40022737          	lui	a4,0x40022
    1f90:	4b1c                	lw	a5,16(a4)
    1f92:	0807e793          	ori	a5,a5,128
    1f96:	cb1c                	sw	a5,16(a4)
    1f98:	8082                	ret

00001f9a <FLASH_GetBank1Status>:
    1f9a:	40022737          	lui	a4,0x40022
    1f9e:	475c                	lw	a5,12(a4)
    1fa0:	4505                	li	a0,1
    1fa2:	8b85                	andi	a5,a5,1
    1fa4:	e791                	bnez	a5,1fb0 <FLASH_GetBank1Status+0x16>
    1fa6:	4748                	lw	a0,12(a4)
    1fa8:	8941                	andi	a0,a0,16
    1faa:	00153513          	seqz	a0,a0
    1fae:	050d                	addi	a0,a0,3
    1fb0:	8082                	ret

00001fb2 <FLASH_WaitForLastOperation>:
    1fb2:	8fafe2ef          	jal	t0,ac <__riscv_save_0>
    1fb6:	842a                	mv	s0,a0
    1fb8:	37cd                	jal	1f9a <FLASH_GetBank1Status>
    1fba:	4785                	li	a5,1
    1fbc:	00f51863          	bne	a0,a5,1fcc <FLASH_WaitForLastOperation+0x1a>
    1fc0:	e019                	bnez	s0,1fc6 <FLASH_WaitForLastOperation+0x14>
    1fc2:	4515                	li	a0,5
    1fc4:	a029                	j	1fce <FLASH_WaitForLastOperation+0x1c>
    1fc6:	3fd1                	jal	1f9a <FLASH_GetBank1Status>
    1fc8:	147d                	addi	s0,s0,-1
    1fca:	bfc5                	j	1fba <FLASH_WaitForLastOperation+0x8>
    1fcc:	d87d                	beqz	s0,1fc2 <FLASH_WaitForLastOperation+0x10>
    1fce:	8e8fe06f          	j	b6 <__riscv_restore_0>

00001fd2 <FLASH_ErasePage>:
    1fd2:	8dafe2ef          	jal	t0,ac <__riscv_save_0>
    1fd6:	84aa                	mv	s1,a0
    1fd8:	000b0537          	lui	a0,0xb0
    1fdc:	fd7ff0ef          	jal	ra,1fb2 <FLASH_WaitForLastOperation>
    1fe0:	4791                	li	a5,4
    1fe2:	02f51463          	bne	a0,a5,200a <FLASH_ErasePage+0x38>
    1fe6:	40022437          	lui	s0,0x40022
    1fea:	481c                	lw	a5,16(s0)
    1fec:	000b0537          	lui	a0,0xb0
    1ff0:	0027e793          	ori	a5,a5,2
    1ff4:	c81c                	sw	a5,16(s0)
    1ff6:	c844                	sw	s1,20(s0)
    1ff8:	481c                	lw	a5,16(s0)
    1ffa:	0407e793          	ori	a5,a5,64
    1ffe:	c81c                	sw	a5,16(s0)
    2000:	fb3ff0ef          	jal	ra,1fb2 <FLASH_WaitForLastOperation>
    2004:	481c                	lw	a5,16(s0)
    2006:	9bf5                	andi	a5,a5,-3
    2008:	c81c                	sw	a5,16(s0)
    200a:	8acfe06f          	j	b6 <__riscv_restore_0>

0000200e <FLASH_ProgramWord>:
    200e:	89efe2ef          	jal	t0,ac <__riscv_save_0>
    2012:	1161                	addi	sp,sp,-8
    2014:	84aa                	mv	s1,a0
    2016:	6509                	lui	a0,0x2
    2018:	c02e                	sw	a1,0(sp)
    201a:	c202                	sw	zero,4(sp)
    201c:	f97ff0ef          	jal	ra,1fb2 <FLASH_WaitForLastOperation>
    2020:	4711                	li	a4,4
    2022:	4582                	lw	a1,0(sp)
    2024:	02e51f63          	bne	a0,a4,2062 <FLASH_ProgramWord+0x54>
    2028:	40022437          	lui	s0,0x40022
    202c:	481c                	lw	a5,16(s0)
    202e:	6509                	lui	a0,0x2
    2030:	0017e793          	ori	a5,a5,1
    2034:	c81c                	sw	a5,16(s0)
    2036:	01059793          	slli	a5,a1,0x10
    203a:	83c1                	srli	a5,a5,0x10
    203c:	a09e                	sh	a5,0(s1)
    203e:	c02e                	sw	a1,0(sp)
    2040:	f73ff0ef          	jal	ra,1fb2 <FLASH_WaitForLastOperation>
    2044:	4711                	li	a4,4
    2046:	4582                	lw	a1,0(sp)
    2048:	00e51a63          	bne	a0,a4,205c <FLASH_ProgramWord+0x4e>
    204c:	0489                	addi	s1,s1,2
    204e:	c226                	sw	s1,4(sp)
    2050:	4792                	lw	a5,4(sp)
    2052:	81c1                	srli	a1,a1,0x10
    2054:	6509                	lui	a0,0x2
    2056:	a38e                	sh	a1,0(a5)
    2058:	f5bff0ef          	jal	ra,1fb2 <FLASH_WaitForLastOperation>
    205c:	481c                	lw	a5,16(s0)
    205e:	9bf9                	andi	a5,a5,-2
    2060:	c81c                	sw	a5,16(s0)
    2062:	0121                	addi	sp,sp,8
    2064:	852fe06f          	j	b6 <__riscv_restore_0>

00002068 <GPIO_Init>:
    2068:	4594                	lw	a3,8(a1)
    206a:	0106f793          	andi	a5,a3,16
    206e:	00f6f293          	andi	t0,a3,15
    2072:	c781                	beqz	a5,207a <GPIO_Init+0x12>
    2074:	41dc                	lw	a5,4(a1)
    2076:	00f2e2b3          	or	t0,t0,a5
    207a:	0005d383          	lhu	t2,0(a1)
    207e:	0ff3f793          	andi	a5,t2,255
    2082:	c3a5                	beqz	a5,20e2 <GPIO_Init+0x7a>
    2084:	00052303          	lw	t1,0(a0) # 2000 <FLASH_ErasePage+0x2e>
    2088:	1161                	addi	sp,sp,-8
    208a:	c222                	sw	s0,4(sp)
    208c:	c026                	sw	s1,0(sp)
    208e:	4781                	li	a5,0
    2090:	02800413          	li	s0,40
    2094:	04800493          	li	s1,72
    2098:	4705                	li	a4,1
    209a:	00f71633          	sll	a2,a4,a5
    209e:	00c3f733          	and	a4,t2,a2
    20a2:	02e61263          	bne	a2,a4,20c6 <GPIO_Init+0x5e>
    20a6:	00279593          	slli	a1,a5,0x2
    20aa:	473d                	li	a4,15
    20ac:	00b71733          	sll	a4,a4,a1
    20b0:	fff74713          	not	a4,a4
    20b4:	00677333          	and	t1,a4,t1
    20b8:	00b295b3          	sll	a1,t0,a1
    20bc:	0065e333          	or	t1,a1,t1
    20c0:	00869d63          	bne	a3,s0,20da <GPIO_Init+0x72>
    20c4:	c950                	sw	a2,20(a0)
    20c6:	0785                	addi	a5,a5,1
    20c8:	4721                	li	a4,8
    20ca:	fce797e3          	bne	a5,a4,2098 <GPIO_Init+0x30>
    20ce:	4412                	lw	s0,4(sp)
    20d0:	00652023          	sw	t1,0(a0)
    20d4:	4482                	lw	s1,0(sp)
    20d6:	0121                	addi	sp,sp,8
    20d8:	8082                	ret
    20da:	fe9696e3          	bne	a3,s1,20c6 <GPIO_Init+0x5e>
    20de:	c910                	sw	a2,16(a0)
    20e0:	b7dd                	j	20c6 <GPIO_Init+0x5e>
    20e2:	8082                	ret

000020e4 <GPIO_ReadInputDataBit>:
    20e4:	4508                	lw	a0,8(a0)
    20e6:	8d6d                	and	a0,a0,a1
    20e8:	00a03533          	snez	a0,a0
    20ec:	8082                	ret

000020ee <GPIO_SetBits>:
    20ee:	c90c                	sw	a1,16(a0)
    20f0:	8082                	ret

000020f2 <GPIO_ResetBits>:
    20f2:	c94c                	sw	a1,20(a0)
    20f4:	8082                	ret

000020f6 <GPIO_EXTILineConfig>:
    20f6:	40010737          	lui	a4,0x40010
    20fa:	4714                	lw	a3,8(a4)
    20fc:	0586                	slli	a1,a1,0x1
    20fe:	478d                	li	a5,3
    2100:	00b797b3          	sll	a5,a5,a1
    2104:	fff7c793          	not	a5,a5
    2108:	8ff5                	and	a5,a5,a3
    210a:	c71c                	sw	a5,8(a4)
    210c:	471c                	lw	a5,8(a4)
    210e:	00b515b3          	sll	a1,a0,a1
    2112:	8ddd                	or	a1,a1,a5
    2114:	c70c                	sw	a1,8(a4)
    2116:	8082                	ret

00002118 <IWDG_WriteAccessCmd>:
    2118:	400037b7          	lui	a5,0x40003
    211c:	c388                	sw	a0,0(a5)
    211e:	8082                	ret

00002120 <IWDG_SetPrescaler>:
    2120:	400037b7          	lui	a5,0x40003
    2124:	c3c8                	sw	a0,4(a5)
    2126:	8082                	ret

00002128 <IWDG_SetReload>:
    2128:	400037b7          	lui	a5,0x40003
    212c:	c788                	sw	a0,8(a5)
    212e:	8082                	ret

00002130 <IWDG_ReloadCounter>:
    2130:	67ad                	lui	a5,0xb
    2132:	40003737          	lui	a4,0x40003
    2136:	aaa78793          	addi	a5,a5,-1366 # aaaa <_data_lma+0x72a6>
    213a:	c31c                	sw	a5,0(a4)
    213c:	8082                	ret

0000213e <IWDG_Enable>:
    213e:	67b5                	lui	a5,0xd
    2140:	40003737          	lui	a4,0x40003
    2144:	ccc78793          	addi	a5,a5,-820 # cccc <_data_lma+0x94c8>
    2148:	c31c                	sw	a5,0(a4)
    214a:	40021737          	lui	a4,0x40021
    214e:	535c                	lw	a5,36(a4)
    2150:	8b89                	andi	a5,a5,2
    2152:	dff5                	beqz	a5,214e <IWDG_Enable+0x10>
    2154:	8082                	ret

00002156 <NVIC_Init>:
    2156:	8341a683          	lw	a3,-1996(gp) # 2000006c <NVIC_Priority_Group>
    215a:	4785                	li	a5,1
    215c:	2118                	lbu	a4,0(a0)
    215e:	02f69063          	bne	a3,a5,217e <NVIC_Init+0x28>
    2162:	311c                	lbu	a5,1(a0)
    2164:	02d79c63          	bne	a5,a3,219c <NVIC_Init+0x46>
    2168:	213c                	lbu	a5,2(a0)
    216a:	079a                	slli	a5,a5,0x6
    216c:	f807e793          	ori	a5,a5,-128
    2170:	e000e6b7          	lui	a3,0xe000e
    2174:	0ff7f793          	andi	a5,a5,255
    2178:	96ba                	add	a3,a3,a4
    217a:	40f68023          	sb	a5,1024(a3) # e000e400 <__global_pointer$+0xc000dbc8>
    217e:	4685                	li	a3,1
    2180:	00575793          	srli	a5,a4,0x5
    2184:	00e69733          	sll	a4,a3,a4
    2188:	4154                	lw	a3,4(a0)
    218a:	ce89                	beqz	a3,21a4 <NVIC_Init+0x4e>
    218c:	04078793          	addi	a5,a5,64
    2190:	078a                	slli	a5,a5,0x2
    2192:	e000e6b7          	lui	a3,0xe000e
    2196:	97b6                	add	a5,a5,a3
    2198:	c398                	sw	a4,0(a5)
    219a:	8082                	ret
    219c:	f3ed                	bnez	a5,217e <NVIC_Init+0x28>
    219e:	213c                	lbu	a5,2(a0)
    21a0:	079a                	slli	a5,a5,0x6
    21a2:	b7f9                	j	2170 <NVIC_Init+0x1a>
    21a4:	06078793          	addi	a5,a5,96
    21a8:	e000e6b7          	lui	a3,0xe000e
    21ac:	078a                	slli	a5,a5,0x2
    21ae:	97b6                	add	a5,a5,a3
    21b0:	c398                	sw	a4,0(a5)
    21b2:	0000100f          	fence.i
    21b6:	8082                	ret

000021b8 <PWR_AutoWakeUpCmd>:
    21b8:	40007737          	lui	a4,0x40007
    21bc:	471c                	lw	a5,8(a4)
    21be:	c509                	beqz	a0,21c8 <PWR_AutoWakeUpCmd+0x10>
    21c0:	0027e793          	ori	a5,a5,2
    21c4:	c71c                	sw	a5,8(a4)
    21c6:	8082                	ret
    21c8:	9bf5                	andi	a5,a5,-3
    21ca:	bfed                	j	21c4 <PWR_AutoWakeUpCmd+0xc>

000021cc <PWR_AWU_SetPrescaler>:
    21cc:	40007737          	lui	a4,0x40007
    21d0:	4b1c                	lw	a5,16(a4)
    21d2:	9bc1                	andi	a5,a5,-16
    21d4:	8d5d                	or	a0,a0,a5
    21d6:	cb08                	sw	a0,16(a4)
    21d8:	8082                	ret

000021da <PWR_AWU_SetWindowValue>:
    21da:	1171                	addi	sp,sp,-4
    21dc:	c002                	sw	zero,0(sp)
    21de:	40007737          	lui	a4,0x40007
    21e2:	475c                	lw	a5,12(a4)
    21e4:	fc07f793          	andi	a5,a5,-64
    21e8:	c03e                	sw	a5,0(sp)
    21ea:	4782                	lw	a5,0(sp)
    21ec:	8d5d                	or	a0,a0,a5
    21ee:	c02a                	sw	a0,0(sp)
    21f0:	4782                	lw	a5,0(sp)
    21f2:	c75c                	sw	a5,12(a4)
    21f4:	0111                	addi	sp,sp,4
    21f6:	8082                	ret

000021f8 <RCC_ADCCLKConfig>:
    21f8:	400216b7          	lui	a3,0x40021
    21fc:	42dc                	lw	a5,4(a3)
    21fe:	7741                	lui	a4,0xffff0
    2200:	7ff70713          	addi	a4,a4,2047 # ffff07ff <__global_pointer$+0xdffeffc7>
    2204:	8ff9                	and	a5,a5,a4
    2206:	8d5d                	or	a0,a0,a5
    2208:	c2c8                	sw	a0,4(a3)
    220a:	8082                	ret

0000220c <RCC_LSICmd>:
    220c:	40021737          	lui	a4,0x40021
    2210:	535c                	lw	a5,36(a4)
    2212:	c509                	beqz	a0,221c <RCC_LSICmd+0x10>
    2214:	0017e793          	ori	a5,a5,1
    2218:	d35c                	sw	a5,36(a4)
    221a:	8082                	ret
    221c:	9bf9                	andi	a5,a5,-2
    221e:	bfed                	j	2218 <RCC_LSICmd+0xc>

00002220 <RCC_GetClocksFreq>:
    2220:	e8dfd2ef          	jal	t0,ac <__riscv_save_0>
    2224:	40021737          	lui	a4,0x40021
    2228:	435c                	lw	a5,4(a4)
    222a:	4691                	li	a3,4
    222c:	842a                	mv	s0,a0
    222e:	8bb1                	andi	a5,a5,12
    2230:	00d78563          	beq	a5,a3,223a <RCC_GetClocksFreq+0x1a>
    2234:	46a1                	li	a3,8
    2236:	08d78063          	beq	a5,a3,22b6 <RCC_GetClocksFreq+0x96>
    223a:	016e37b7          	lui	a5,0x16e3
    223e:	60078793          	addi	a5,a5,1536 # 16e3600 <_data_lma+0x16dfdfc>
    2242:	c01c                	sw	a5,0(s0)
    2244:	400216b7          	lui	a3,0x40021
    2248:	42dc                	lw	a5,4(a3)
    224a:	8391                	srli	a5,a5,0x4
    224c:	00f7f713          	andi	a4,a5,15
    2250:	200007b7          	lui	a5,0x20000
    2254:	02478793          	addi	a5,a5,36 # 20000024 <APBAHBPrescTable>
    2258:	97ba                	add	a5,a5,a4
    225a:	238c                	lbu	a1,0(a5)
    225c:	42dc                	lw	a5,4(a3)
    225e:	4018                	lw	a4,0(s0)
    2260:	0ff5f593          	andi	a1,a1,255
    2264:	0807f793          	andi	a5,a5,128
    2268:	00b75533          	srl	a0,a4,a1
    226c:	e781                	bnez	a5,2274 <RCC_GetClocksFreq+0x54>
    226e:	853a                	mv	a0,a4
    2270:	e71fd0ef          	jal	ra,e0 <__udivsi3>
    2274:	c048                	sw	a0,4(s0)
    2276:	c408                	sw	a0,8(s0)
    2278:	c448                	sw	a0,12(s0)
    227a:	400217b7          	lui	a5,0x40021
    227e:	43dc                	lw	a5,4(a5)
    2280:	468d                	li	a3,3
    2282:	83ad                	srli	a5,a5,0xb
    2284:	8bfd                	andi	a5,a5,31
    2286:	0037d713          	srli	a4,a5,0x3
    228a:	078a                	slli	a5,a5,0x2
    228c:	8bf1                	andi	a5,a5,28
    228e:	8fd9                	or	a5,a5,a4
    2290:	0137f613          	andi	a2,a5,19
    2294:	0037f713          	andi	a4,a5,3
    2298:	00c6f463          	bgeu	a3,a2,22a0 <RCC_GetClocksFreq+0x80>
    229c:	ff478713          	addi	a4,a5,-12 # 40020ff4 <__global_pointer$+0x200207bc>
    22a0:	200007b7          	lui	a5,0x20000
    22a4:	01078793          	addi	a5,a5,16 # 20000010 <ADCPrescTable>
    22a8:	97ba                	add	a5,a5,a4
    22aa:	238c                	lbu	a1,0(a5)
    22ac:	e35fd0ef          	jal	ra,e0 <__udivsi3>
    22b0:	c808                	sw	a0,16(s0)
    22b2:	e05fd06f          	j	b6 <__riscv_restore_0>
    22b6:	435c                	lw	a5,4(a4)
    22b8:	02dc77b7          	lui	a5,0x2dc7
    22bc:	c0078793          	addi	a5,a5,-1024 # 2dc6c00 <_data_lma+0x2dc33fc>
    22c0:	b749                	j	2242 <RCC_GetClocksFreq+0x22>

000022c2 <RCC_APB2PeriphClockCmd>:
    22c2:	c599                	beqz	a1,22d0 <RCC_APB2PeriphClockCmd+0xe>
    22c4:	40021737          	lui	a4,0x40021
    22c8:	4f1c                	lw	a5,24(a4)
    22ca:	8d5d                	or	a0,a0,a5
    22cc:	cf08                	sw	a0,24(a4)
    22ce:	8082                	ret
    22d0:	400217b7          	lui	a5,0x40021
    22d4:	4f98                	lw	a4,24(a5)
    22d6:	fff54513          	not	a0,a0
    22da:	8d79                	and	a0,a0,a4
    22dc:	cf88                	sw	a0,24(a5)
    22de:	8082                	ret

000022e0 <RCC_APB1PeriphClockCmd>:
    22e0:	c599                	beqz	a1,22ee <RCC_APB1PeriphClockCmd+0xe>
    22e2:	40021737          	lui	a4,0x40021
    22e6:	4f5c                	lw	a5,28(a4)
    22e8:	8d5d                	or	a0,a0,a5
    22ea:	cf48                	sw	a0,28(a4)
    22ec:	8082                	ret
    22ee:	400217b7          	lui	a5,0x40021
    22f2:	4fd8                	lw	a4,28(a5)
    22f4:	fff54513          	not	a0,a0
    22f8:	8d79                	and	a0,a0,a4
    22fa:	cfc8                	sw	a0,28(a5)
    22fc:	8082                	ret

000022fe <RCC_APB2PeriphResetCmd>:
    22fe:	c599                	beqz	a1,230c <RCC_APB2PeriphResetCmd+0xe>
    2300:	40021737          	lui	a4,0x40021
    2304:	475c                	lw	a5,12(a4)
    2306:	8d5d                	or	a0,a0,a5
    2308:	c748                	sw	a0,12(a4)
    230a:	8082                	ret
    230c:	400217b7          	lui	a5,0x40021
    2310:	47d8                	lw	a4,12(a5)
    2312:	fff54513          	not	a0,a0
    2316:	8d79                	and	a0,a0,a4
    2318:	c7c8                	sw	a0,12(a5)
    231a:	8082                	ret

0000231c <RCC_GetFlagStatus>:
    231c:	00555713          	srli	a4,a0,0x5
    2320:	4785                	li	a5,1
    2322:	00f71963          	bne	a4,a5,2334 <RCC_GetFlagStatus+0x18>
    2326:	400217b7          	lui	a5,0x40021
    232a:	439c                	lw	a5,0(a5)
    232c:	00a7d533          	srl	a0,a5,a0
    2330:	8905                	andi	a0,a0,1
    2332:	8082                	ret
    2334:	400217b7          	lui	a5,0x40021
    2338:	53dc                	lw	a5,36(a5)
    233a:	bfcd                	j	232c <RCC_GetFlagStatus+0x10>

0000233c <SPI_Init>:
    233c:	211a                	lhu	a4,0(a0)
    233e:	678d                	lui	a5,0x3
    2340:	04078793          	addi	a5,a5,64 # 3040 <puts+0x41c>
    2344:	21b6                	lhu	a3,2(a1)
    2346:	8f7d                	and	a4,a4,a5
    2348:	219e                	lhu	a5,0(a1)
    234a:	8fd5                	or	a5,a5,a3
    234c:	21d6                	lhu	a3,4(a1)
    234e:	8fd5                	or	a5,a5,a3
    2350:	21f6                	lhu	a3,6(a1)
    2352:	8fd5                	or	a5,a5,a3
    2354:	2596                	lhu	a3,8(a1)
    2356:	8fd5                	or	a5,a5,a3
    2358:	25b6                	lhu	a3,10(a1)
    235a:	8fd5                	or	a5,a5,a3
    235c:	25d6                	lhu	a3,12(a1)
    235e:	8fd5                	or	a5,a5,a3
    2360:	25f6                	lhu	a3,14(a1)
    2362:	8fd5                	or	a5,a5,a3
    2364:	8fd9                	or	a5,a5,a4
    2366:	a11e                	sh	a5,0(a0)
    2368:	299e                	lhu	a5,16(a1)
    236a:	a91e                	sh	a5,16(a0)
    236c:	8082                	ret

0000236e <SPI_Cmd>:
    236e:	211e                	lhu	a5,0(a0)
    2370:	c589                	beqz	a1,237a <SPI_Cmd+0xc>
    2372:	0407e793          	ori	a5,a5,64
    2376:	a11e                	sh	a5,0(a0)
    2378:	8082                	ret
    237a:	07c2                	slli	a5,a5,0x10
    237c:	83c1                	srli	a5,a5,0x10
    237e:	fbf7f793          	andi	a5,a5,-65
    2382:	07c2                	slli	a5,a5,0x10
    2384:	83c1                	srli	a5,a5,0x10
    2386:	bfc5                	j	2376 <SPI_Cmd+0x8>

00002388 <SPI_I2S_SendData>:
    2388:	a54e                	sh	a1,12(a0)
    238a:	8082                	ret

0000238c <SPI_I2S_ReceiveData>:
    238c:	254a                	lhu	a0,12(a0)
    238e:	8082                	ret

00002390 <SPI_I2S_GetFlagStatus>:
    2390:	250a                	lhu	a0,8(a0)
    2392:	8d6d                	and	a0,a0,a1
    2394:	00a03533          	snez	a0,a0
    2398:	8082                	ret

0000239a <TIM_TimeBaseInit>:
    239a:	211e                	lhu	a5,0(a0)
    239c:	40013737          	lui	a4,0x40013
    23a0:	c0070713          	addi	a4,a4,-1024 # 40012c00 <__global_pointer$+0x200123c8>
    23a4:	07c2                	slli	a5,a5,0x10
    23a6:	83c1                	srli	a5,a5,0x10
    23a8:	00e50663          	beq	a0,a4,23b4 <TIM_TimeBaseInit+0x1a>
    23ac:	40000737          	lui	a4,0x40000
    23b0:	00e51663          	bne	a0,a4,23bc <TIM_TimeBaseInit+0x22>
    23b4:	21ba                	lhu	a4,2(a1)
    23b6:	f8f7f793          	andi	a5,a5,-113
    23ba:	8fd9                	or	a5,a5,a4
    23bc:	21fa                	lhu	a4,6(a1)
    23be:	cff7f793          	andi	a5,a5,-769
    23c2:	07c2                	slli	a5,a5,0x10
    23c4:	83c1                	srli	a5,a5,0x10
    23c6:	8fd9                	or	a5,a5,a4
    23c8:	a11e                	sh	a5,0(a0)
    23ca:	21de                	lhu	a5,4(a1)
    23cc:	b55e                	sh	a5,44(a0)
    23ce:	219e                	lhu	a5,0(a1)
    23d0:	b51e                	sh	a5,40(a0)
    23d2:	400137b7          	lui	a5,0x40013
    23d6:	c0078793          	addi	a5,a5,-1024 # 40012c00 <__global_pointer$+0x200123c8>
    23da:	00f51463          	bne	a0,a5,23e2 <TIM_TimeBaseInit+0x48>
    23de:	259c                	lbu	a5,8(a1)
    23e0:	b91e                	sh	a5,48(a0)
    23e2:	4785                	li	a5,1
    23e4:	a95e                	sh	a5,20(a0)
    23e6:	8082                	ret

000023e8 <TIM_Cmd>:
    23e8:	211e                	lhu	a5,0(a0)
    23ea:	c589                	beqz	a1,23f4 <TIM_Cmd+0xc>
    23ec:	0017e793          	ori	a5,a5,1
    23f0:	a11e                	sh	a5,0(a0)
    23f2:	8082                	ret
    23f4:	07c2                	slli	a5,a5,0x10
    23f6:	83c1                	srli	a5,a5,0x10
    23f8:	9bf9                	andi	a5,a5,-2
    23fa:	07c2                	slli	a5,a5,0x10
    23fc:	83c1                	srli	a5,a5,0x10
    23fe:	bfcd                	j	23f0 <TIM_Cmd+0x8>

00002400 <TIM_ITConfig>:
    2400:	255e                	lhu	a5,12(a0)
    2402:	c601                	beqz	a2,240a <TIM_ITConfig+0xa>
    2404:	8ddd                	or	a1,a1,a5
    2406:	a54e                	sh	a1,12(a0)
    2408:	8082                	ret
    240a:	fff5c593          	not	a1,a1
    240e:	8dfd                	and	a1,a1,a5
    2410:	bfdd                	j	2406 <TIM_ITConfig+0x6>

00002412 <TIM_GetITStatus>:
    2412:	291e                	lhu	a5,16(a0)
    2414:	254a                	lhu	a0,12(a0)
    2416:	8fed                	and	a5,a5,a1
    2418:	0542                	slli	a0,a0,0x10
    241a:	8141                	srli	a0,a0,0x10
    241c:	c789                	beqz	a5,2426 <TIM_GetITStatus+0x14>
    241e:	8d6d                	and	a0,a0,a1
    2420:	00a03533          	snez	a0,a0
    2424:	8082                	ret
    2426:	4501                	li	a0,0
    2428:	8082                	ret

0000242a <TIM_ClearITPendingBit>:
    242a:	fff5c593          	not	a1,a1
    242e:	05c2                	slli	a1,a1,0x10
    2430:	81c1                	srli	a1,a1,0x10
    2432:	a90e                	sh	a1,16(a0)
    2434:	8082                	ret

00002436 <USART_Init>:
    2436:	c77fd2ef          	jal	t0,ac <__riscv_save_0>
    243a:	2916                	lhu	a3,16(a0)
    243c:	77f5                	lui	a5,0xffffd
    243e:	17fd                	addi	a5,a5,-1
    2440:	8ff5                	and	a5,a5,a3
    2442:	21f6                	lhu	a3,6(a1)
    2444:	25da                	lhu	a4,12(a1)
    2446:	1121                	addi	sp,sp,-24
    2448:	8fd5                	or	a5,a5,a3
    244a:	a91e                	sh	a5,16(a0)
    244c:	2556                	lhu	a3,12(a0)
    244e:	77fd                	lui	a5,0xfffff
    2450:	9f378793          	addi	a5,a5,-1549 # ffffe9f3 <__global_pointer$+0xdfffe1bb>
    2454:	8ff5                	and	a5,a5,a3
    2456:	21d6                	lhu	a3,4(a1)
    2458:	842a                	mv	s0,a0
    245a:	c02e                	sw	a1,0(sp)
    245c:	8fd5                	or	a5,a5,a3
    245e:	2596                	lhu	a3,8(a1)
    2460:	8fd5                	or	a5,a5,a3
    2462:	25b6                	lhu	a3,10(a1)
    2464:	8fd5                	or	a5,a5,a3
    2466:	a55e                	sh	a5,12(a0)
    2468:	295e                	lhu	a5,20(a0)
    246a:	07c2                	slli	a5,a5,0x10
    246c:	83c1                	srli	a5,a5,0x10
    246e:	cff7f793          	andi	a5,a5,-769
    2472:	8f5d                	or	a4,a4,a5
    2474:	a95a                	sh	a4,20(a0)
    2476:	0048                	addi	a0,sp,4
    2478:	da9ff0ef          	jal	ra,2220 <RCC_GetClocksFreq>
    247c:	400147b7          	lui	a5,0x40014
    2480:	80078793          	addi	a5,a5,-2048 # 40013800 <__global_pointer$+0x20012fc8>
    2484:	4582                	lw	a1,0(sp)
    2486:	06f41263          	bne	s0,a5,24ea <USART_Init+0xb4>
    248a:	47c2                	lw	a5,16(sp)
    248c:	245a                	lhu	a4,12(s0)
    248e:	00179513          	slli	a0,a5,0x1
    2492:	953e                	add	a0,a0,a5
    2494:	0742                	slli	a4,a4,0x10
    2496:	050e                	slli	a0,a0,0x3
    2498:	8741                	srai	a4,a4,0x10
    249a:	953e                	add	a0,a0,a5
    249c:	418c                	lw	a1,0(a1)
    249e:	04075863          	bgez	a4,24ee <USART_Init+0xb8>
    24a2:	0586                	slli	a1,a1,0x1
    24a4:	c3dfd0ef          	jal	ra,e0 <__udivsi3>
    24a8:	06400593          	li	a1,100
    24ac:	c02a                	sw	a0,0(sp)
    24ae:	c33fd0ef          	jal	ra,e0 <__udivsi3>
    24b2:	4782                	lw	a5,0(sp)
    24b4:	00451493          	slli	s1,a0,0x4
    24b8:	06400593          	li	a1,100
    24bc:	853e                	mv	a0,a5
    24be:	c4ffd0ef          	jal	ra,10c <__umodsi3>
    24c2:	245e                	lhu	a5,12(s0)
    24c4:	07c2                	slli	a5,a5,0x10
    24c6:	87c1                	srai	a5,a5,0x10
    24c8:	0207d563          	bgez	a5,24f2 <USART_Init+0xbc>
    24cc:	050e                	slli	a0,a0,0x3
    24ce:	06400593          	li	a1,100
    24d2:	03250513          	addi	a0,a0,50
    24d6:	c0bfd0ef          	jal	ra,e0 <__udivsi3>
    24da:	891d                	andi	a0,a0,7
    24dc:	8cc9                	or	s1,s1,a0
    24de:	04c2                	slli	s1,s1,0x10
    24e0:	80c1                	srli	s1,s1,0x10
    24e2:	a406                	sh	s1,8(s0)
    24e4:	0161                	addi	sp,sp,24
    24e6:	bd1fd06f          	j	b6 <__riscv_restore_0>
    24ea:	47b2                	lw	a5,12(sp)
    24ec:	b745                	j	248c <USART_Init+0x56>
    24ee:	058a                	slli	a1,a1,0x2
    24f0:	bf55                	j	24a4 <USART_Init+0x6e>
    24f2:	0512                	slli	a0,a0,0x4
    24f4:	06400593          	li	a1,100
    24f8:	03250513          	addi	a0,a0,50
    24fc:	be5fd0ef          	jal	ra,e0 <__udivsi3>
    2500:	893d                	andi	a0,a0,15
    2502:	bfe9                	j	24dc <USART_Init+0xa6>

00002504 <USART_Cmd>:
    2504:	c591                	beqz	a1,2510 <USART_Cmd+0xc>
    2506:	255e                	lhu	a5,12(a0)
    2508:	6709                	lui	a4,0x2
    250a:	8fd9                	or	a5,a5,a4
    250c:	a55e                	sh	a5,12(a0)
    250e:	8082                	ret
    2510:	255a                	lhu	a4,12(a0)
    2512:	77f9                	lui	a5,0xffffe
    2514:	17fd                	addi	a5,a5,-1
    2516:	8ff9                	and	a5,a5,a4
    2518:	bfd5                	j	250c <USART_Cmd+0x8>

0000251a <USART_SendData>:
    251a:	1ff5f593          	andi	a1,a1,511
    251e:	a14e                	sh	a1,4(a0)
    2520:	8082                	ret

00002522 <USART_GetFlagStatus>:
    2522:	210a                	lhu	a0,0(a0)
    2524:	8d6d                	and	a0,a0,a1
    2526:	00a03533          	snez	a0,a0
    252a:	8082                	ret

0000252c <Delay_Init>:
    252c:	b81fd2ef          	jal	t0,ac <__riscv_save_0>
    2530:	200007b7          	lui	a5,0x20000
    2534:	00c7a503          	lw	a0,12(a5) # 2000000c <_highcode_vma_end>
    2538:	007a15b7          	lui	a1,0x7a1
    253c:	20058593          	addi	a1,a1,512 # 7a1200 <_data_lma+0x79d9fc>
    2540:	ba1fd0ef          	jal	ra,e0 <__udivsi3>
    2544:	0ff57513          	andi	a0,a0,255
    2548:	82a18d23          	sb	a0,-1990(gp) # 20000072 <p_us>
    254c:	00551793          	slli	a5,a0,0x5
    2550:	8f89                	sub	a5,a5,a0
    2552:	078a                	slli	a5,a5,0x2
    2554:	953e                	add	a0,a0,a5
    2556:	050e                	slli	a0,a0,0x3
    2558:	82a19c23          	sh	a0,-1992(gp) # 20000070 <p_ms>
    255c:	b5bfd06f          	j	b6 <__riscv_restore_0>

00002560 <Delay_Ms>:
    2560:	b4dfd2ef          	jal	t0,ac <__riscv_save_0>
    2564:	e000f437          	lui	s0,0xe000f
    2568:	405c                	lw	a5,4(s0)
    256a:	85aa                	mv	a1,a0
    256c:	9bf9                	andi	a5,a5,-2
    256e:	c05c                	sw	a5,4(s0)
    2570:	8381d503          	lhu	a0,-1992(gp) # 20000070 <p_ms>
    2574:	b4dfd0ef          	jal	ra,c0 <__mulsi3>
    2578:	c808                	sw	a0,16(s0)
    257a:	00042423          	sw	zero,8(s0) # e000f008 <__global_pointer$+0xc000e7d0>
    257e:	401c                	lw	a5,0(s0)
    2580:	0017e793          	ori	a5,a5,1
    2584:	c01c                	sw	a5,0(s0)
    2586:	e000f7b7          	lui	a5,0xe000f
    258a:	43d8                	lw	a4,4(a5)
    258c:	8b05                	andi	a4,a4,1
    258e:	df75                	beqz	a4,258a <Delay_Ms+0x2a>
    2590:	4398                	lw	a4,0(a5)
    2592:	9b79                	andi	a4,a4,-2
    2594:	c398                	sw	a4,0(a5)
    2596:	b21fd06f          	j	b6 <__riscv_restore_0>

0000259a <USART_Printf_Init>:
    259a:	b13fd2ef          	jal	t0,ac <__riscv_save_0>
    259e:	842a                	mv	s0,a0
    25a0:	6511                	lui	a0,0x4
    25a2:	1111                	addi	sp,sp,-28
    25a4:	4585                	li	a1,1
    25a6:	02050513          	addi	a0,a0,32 # 4020 <_data_lma+0x81c>
    25aa:	d19ff0ef          	jal	ra,22c2 <RCC_APB2PeriphClockCmd>
    25ae:	02000793          	li	a5,32
    25b2:	807c                	sh	a5,0(sp)
    25b4:	40011537          	lui	a0,0x40011
    25b8:	478d                	li	a5,3
    25ba:	c23e                	sw	a5,4(sp)
    25bc:	858a                	mv	a1,sp
    25be:	47e1                	li	a5,24
    25c0:	40050513          	addi	a0,a0,1024 # 40011400 <__global_pointer$+0x20010bc8>
    25c4:	c43e                	sw	a5,8(sp)
    25c6:	aa3ff0ef          	jal	ra,2068 <GPIO_Init>
    25ca:	c622                	sw	s0,12(sp)
    25cc:	40014437          	lui	s0,0x40014
    25d0:	000807b7          	lui	a5,0x80
    25d4:	006c                	addi	a1,sp,12
    25d6:	80040513          	addi	a0,s0,-2048 # 40013800 <__global_pointer$+0x20012fc8>
    25da:	ca3e                	sw	a5,20(sp)
    25dc:	c802                	sw	zero,16(sp)
    25de:	00011c23          	sh	zero,24(sp)
    25e2:	e55ff0ef          	jal	ra,2436 <USART_Init>
    25e6:	4585                	li	a1,1
    25e8:	80040513          	addi	a0,s0,-2048
    25ec:	f19ff0ef          	jal	ra,2504 <USART_Cmd>
    25f0:	0171                	addi	sp,sp,28
    25f2:	ac5fd06f          	j	b6 <__riscv_restore_0>

000025f6 <_write>:
    25f6:	ab7fd2ef          	jal	t0,ac <__riscv_save_0>
    25fa:	1171                	addi	sp,sp,-4
    25fc:	84ae                	mv	s1,a1
    25fe:	4401                	li	s0,0
    2600:	02c45f63          	bge	s0,a2,263e <_write+0x48>
    2604:	400147b7          	lui	a5,0x40014
    2608:	80078713          	addi	a4,a5,-2048 # 40013800 <__global_pointer$+0x20012fc8>
    260c:	853a                	mv	a0,a4
    260e:	04000593          	li	a1,64
    2612:	c032                	sw	a2,0(sp)
    2614:	f0fff0ef          	jal	ra,2522 <USART_GetFlagStatus>
    2618:	400147b7          	lui	a5,0x40014
    261c:	80078713          	addi	a4,a5,-2048 # 40013800 <__global_pointer$+0x20012fc8>
    2620:	4602                	lw	a2,0(sp)
    2622:	d56d                	beqz	a0,260c <_write+0x16>
    2624:	00848733          	add	a4,s1,s0
    2628:	00070583          	lb	a1,0(a4) # 2000 <FLASH_ErasePage+0x2e>
    262c:	80078513          	addi	a0,a5,-2048
    2630:	0405                	addi	s0,s0,1
    2632:	05c2                	slli	a1,a1,0x10
    2634:	81c1                	srli	a1,a1,0x10
    2636:	ee5ff0ef          	jal	ra,251a <USART_SendData>
    263a:	4602                	lw	a2,0(sp)
    263c:	b7d1                	j	2600 <_write+0xa>
    263e:	8532                	mv	a0,a2
    2640:	0111                	addi	sp,sp,4
    2642:	a75fd06f          	j	b6 <__riscv_restore_0>

00002646 <printchar>:
    2646:	1141                	addi	sp,sp,-16
    2648:	c606                	sw	ra,12(sp)
    264a:	c02e                	sw	a1,0(sp)
    264c:	cd0d                	beqz	a0,2686 <printchar+0x40>
    264e:	4118                	lw	a4,0(a0)
    2650:	87aa                	mv	a5,a0
    2652:	c305                	beqz	a4,2672 <printchar+0x2c>
    2654:	4158                	lw	a4,4(a0)
    2656:	557d                	li	a0,-1
    2658:	cb11                	beqz	a4,266c <printchar+0x26>
    265a:	4685                	li	a3,1
    265c:	00d71b63          	bne	a4,a3,2672 <printchar+0x2c>
    2660:	4798                	lw	a4,8(a5)
    2662:	00070023          	sb	zero,0(a4)
    2666:	0007a223          	sw	zero,4(a5)
    266a:	4505                	li	a0,1
    266c:	40b2                	lw	ra,12(sp)
    266e:	0141                	addi	sp,sp,16
    2670:	8082                	ret
    2672:	4798                	lw	a4,8(a5)
    2674:	4682                	lw	a3,0(sp)
    2676:	a314                	sb	a3,0(a4)
    2678:	4798                	lw	a4,8(a5)
    267a:	0705                	addi	a4,a4,1
    267c:	c798                	sw	a4,8(a5)
    267e:	43d8                	lw	a4,4(a5)
    2680:	177d                	addi	a4,a4,-1
    2682:	c3d8                	sw	a4,4(a5)
    2684:	b7dd                	j	266a <printchar+0x24>
    2686:	4605                	li	a2,1
    2688:	858a                	mv	a1,sp
    268a:	f6dff0ef          	jal	ra,25f6 <_write>
    268e:	bff1                	j	266a <printchar+0x24>

00002690 <prints>:
    2690:	1101                	addi	sp,sp,-32
    2692:	cc22                	sw	s0,24(sp)
    2694:	c22e                	sw	a1,4(sp)
    2696:	ce06                	sw	ra,28(sp)
    2698:	ca26                	sw	s1,20(sp)
    269a:	842a                	mv	s0,a0
    269c:	4781                	li	a5,0
    269e:	02000593          	li	a1,32
    26a2:	02064563          	bltz	a2,26cc <prints+0x3c>
    26a6:	4592                	lw	a1,4(sp)
    26a8:	95be                	add	a1,a1,a5
    26aa:	00058583          	lb	a1,0(a1)
    26ae:	e58d                	bnez	a1,26d8 <prints+0x48>
    26b0:	02c7d863          	bge	a5,a2,26e0 <prints+0x50>
    26b4:	02e7d463          	bge	a5,a4,26dc <prints+0x4c>
    26b8:	8e19                	sub	a2,a2,a4
    26ba:	02000513          	li	a0,32
    26be:	0026f593          	andi	a1,a3,2
    26c2:	c02a                	sw	a0,0(sp)
    26c4:	c589                	beqz	a1,26ce <prints+0x3e>
    26c6:	e701                	bnez	a4,26ce <prints+0x3e>
    26c8:	03000593          	li	a1,48
    26cc:	c02e                	sw	a1,0(sp)
    26ce:	8a85                	andi	a3,a3,1
    26d0:	4481                	li	s1,0
    26d2:	ea9d                	bnez	a3,2708 <prints+0x78>
    26d4:	84b2                	mv	s1,a2
    26d6:	a015                	j	26fa <prints+0x6a>
    26d8:	0785                	addi	a5,a5,1
    26da:	b7f1                	j	26a6 <prints+0x16>
    26dc:	8e1d                	sub	a2,a2,a5
    26de:	bff1                	j	26ba <prints+0x2a>
    26e0:	4601                	li	a2,0
    26e2:	bfe1                	j	26ba <prints+0x2a>
    26e4:	4582                	lw	a1,0(sp)
    26e6:	8522                	mv	a0,s0
    26e8:	c83a                	sw	a4,16(sp)
    26ea:	c632                	sw	a2,12(sp)
    26ec:	c43e                	sw	a5,8(sp)
    26ee:	f59ff0ef          	jal	ra,2646 <printchar>
    26f2:	47a2                	lw	a5,8(sp)
    26f4:	4632                	lw	a2,12(sp)
    26f6:	4742                	lw	a4,16(sp)
    26f8:	14fd                	addi	s1,s1,-1
    26fa:	fe9045e3          	bgtz	s1,26e4 <prints+0x54>
    26fe:	84b2                	mv	s1,a2
    2700:	00065363          	bgez	a2,2706 <prints+0x76>
    2704:	4481                	li	s1,0
    2706:	8e05                	sub	a2,a2,s1
    2708:	02e7c763          	blt	a5,a4,2736 <prints+0xa6>
    270c:	87a6                	mv	a5,s1
    270e:	4692                	lw	a3,4(sp)
    2710:	40978733          	sub	a4,a5,s1
    2714:	9736                	add	a4,a4,a3
    2716:	00070583          	lb	a1,0(a4)
    271a:	ed9d                	bnez	a1,2758 <prints+0xc8>
    271c:	84b2                	mv	s1,a2
    271e:	04904663          	bgtz	s1,276a <prints+0xda>
    2722:	00065363          	bgez	a2,2728 <prints+0x98>
    2726:	4601                	li	a2,0
    2728:	40f2                	lw	ra,28(sp)
    272a:	4462                	lw	s0,24(sp)
    272c:	44d2                	lw	s1,20(sp)
    272e:	00f60533          	add	a0,a2,a5
    2732:	6105                	addi	sp,sp,32
    2734:	8082                	ret
    2736:	8f1d                	sub	a4,a4,a5
    2738:	87ba                	mv	a5,a4
    273a:	03000593          	li	a1,48
    273e:	8522                	mv	a0,s0
    2740:	c832                	sw	a2,16(sp)
    2742:	c63e                	sw	a5,12(sp)
    2744:	c43a                	sw	a4,8(sp)
    2746:	f01ff0ef          	jal	ra,2646 <printchar>
    274a:	47b2                	lw	a5,12(sp)
    274c:	4722                	lw	a4,8(sp)
    274e:	4642                	lw	a2,16(sp)
    2750:	17fd                	addi	a5,a5,-1
    2752:	f7e5                	bnez	a5,273a <prints+0xaa>
    2754:	94ba                	add	s1,s1,a4
    2756:	bf5d                	j	270c <prints+0x7c>
    2758:	8522                	mv	a0,s0
    275a:	c632                	sw	a2,12(sp)
    275c:	c43e                	sw	a5,8(sp)
    275e:	ee9ff0ef          	jal	ra,2646 <printchar>
    2762:	47a2                	lw	a5,8(sp)
    2764:	4632                	lw	a2,12(sp)
    2766:	0785                	addi	a5,a5,1
    2768:	b75d                	j	270e <prints+0x7e>
    276a:	4582                	lw	a1,0(sp)
    276c:	8522                	mv	a0,s0
    276e:	c432                	sw	a2,8(sp)
    2770:	c23e                	sw	a5,4(sp)
    2772:	ed5ff0ef          	jal	ra,2646 <printchar>
    2776:	14fd                	addi	s1,s1,-1
    2778:	4622                	lw	a2,8(sp)
    277a:	4792                	lw	a5,4(sp)
    277c:	b74d                	j	271e <prints+0x8e>

0000277e <printInt>:
    277e:	7139                	addi	sp,sp,-64
    2780:	de06                	sw	ra,60(sp)
    2782:	dc22                	sw	s0,56(sp)
    2784:	da26                	sw	s1,52(sp)
    2786:	c23e                	sw	a5,4(sp)
    2788:	8332                	mv	t1,a2
    278a:	863a                	mv	a2,a4
    278c:	ed91                	bnez	a1,27a8 <printInt+0x2a>
    278e:	4692                	lw	a3,4(sp)
    2790:	03000793          	li	a5,48
    2794:	4701                	li	a4,0
    2796:	086c                	addi	a1,sp,28
    2798:	86fc                	sh	a5,28(sp)
    279a:	ef7ff0ef          	jal	ra,2690 <prints>
    279e:	50f2                	lw	ra,60(sp)
    27a0:	5462                	lw	s0,56(sp)
    27a2:	54d2                	lw	s1,52(sp)
    27a4:	6121                	addi	sp,sp,64
    27a6:	8082                	ret
    27a8:	84aa                	mv	s1,a0
    27aa:	8436                	mv	s0,a3
    27ac:	87ae                	mv	a5,a1
    27ae:	ca91                	beqz	a3,27c2 <printInt+0x44>
    27b0:	4729                	li	a4,10
    27b2:	4401                	li	s0,0
    27b4:	00e31763          	bne	t1,a4,27c2 <printInt+0x44>
    27b8:	0005d563          	bgez	a1,27c2 <printInt+0x44>
    27bc:	40b007b3          	neg	a5,a1
    27c0:	4405                	li	s0,1
    27c2:	4686                	lw	a3,64(sp)
    27c4:	020109a3          	sb	zero,51(sp)
    27c8:	03310713          	addi	a4,sp,51
    27cc:	fc668693          	addi	a3,a3,-58 # 40020fc6 <__global_pointer$+0x2002078e>
    27d0:	c436                	sw	a3,8(sp)
    27d2:	859a                	mv	a1,t1
    27d4:	853e                	mv	a0,a5
    27d6:	ca32                	sw	a2,20(sp)
    27d8:	c83a                	sw	a4,16(sp)
    27da:	c61a                	sw	t1,12(sp)
    27dc:	c03e                	sw	a5,0(sp)
    27de:	92ffd0ef          	jal	ra,10c <__umodsi3>
    27e2:	46a5                	li	a3,9
    27e4:	4782                	lw	a5,0(sp)
    27e6:	4332                	lw	t1,12(sp)
    27e8:	4742                	lw	a4,16(sp)
    27ea:	4652                	lw	a2,20(sp)
    27ec:	00a6d463          	bge	a3,a0,27f4 <printInt+0x76>
    27f0:	46a2                	lw	a3,8(sp)
    27f2:	9536                	add	a0,a0,a3
    27f4:	03050513          	addi	a0,a0,48
    27f8:	fff70693          	addi	a3,a4,-1
    27fc:	fea70fa3          	sb	a0,-1(a4)
    2800:	859a                	mv	a1,t1
    2802:	853e                	mv	a0,a5
    2804:	cc32                	sw	a2,24(sp)
    2806:	ca3a                	sw	a4,20(sp)
    2808:	c81a                	sw	t1,16(sp)
    280a:	c63e                	sw	a5,12(sp)
    280c:	c036                	sw	a3,0(sp)
    280e:	8d3fd0ef          	jal	ra,e0 <__udivsi3>
    2812:	47b2                	lw	a5,12(sp)
    2814:	4342                	lw	t1,16(sp)
    2816:	4752                	lw	a4,20(sp)
    2818:	4662                	lw	a2,24(sp)
    281a:	0467fd63          	bgeu	a5,t1,2874 <printInt+0xf6>
    281e:	cc09                	beqz	s0,2838 <printInt+0xba>
    2820:	ce29                	beqz	a2,287a <printInt+0xfc>
    2822:	4792                	lw	a5,4(sp)
    2824:	8b89                	andi	a5,a5,2
    2826:	cbb1                	beqz	a5,287a <printInt+0xfc>
    2828:	02d00593          	li	a1,45
    282c:	8526                	mv	a0,s1
    282e:	c432                	sw	a2,8(sp)
    2830:	e17ff0ef          	jal	ra,2646 <printchar>
    2834:	4622                	lw	a2,8(sp)
    2836:	167d                	addi	a2,a2,-1
    2838:	4792                	lw	a5,4(sp)
    283a:	8b91                	andi	a5,a5,4
    283c:	c785                	beqz	a5,2864 <printInt+0xe6>
    283e:	4706                	lw	a4,64(sp)
    2840:	06100793          	li	a5,97
    2844:	c432                	sw	a2,8(sp)
    2846:	03000593          	li	a1,48
    284a:	8526                	mv	a0,s1
    284c:	04f71163          	bne	a4,a5,288e <printInt+0x110>
    2850:	df7ff0ef          	jal	ra,2646 <printchar>
    2854:	07800593          	li	a1,120
    2858:	8526                	mv	a0,s1
    285a:	dedff0ef          	jal	ra,2646 <printchar>
    285e:	4622                	lw	a2,8(sp)
    2860:	0409                	addi	s0,s0,2
    2862:	1679                	addi	a2,a2,-2
    2864:	4716                	lw	a4,68(sp)
    2866:	4692                	lw	a3,4(sp)
    2868:	4582                	lw	a1,0(sp)
    286a:	8526                	mv	a0,s1
    286c:	e25ff0ef          	jal	ra,2690 <prints>
    2870:	9522                	add	a0,a0,s0
    2872:	b735                	j	279e <printInt+0x20>
    2874:	87aa                	mv	a5,a0
    2876:	4702                	lw	a4,0(sp)
    2878:	bfa9                	j	27d2 <printInt+0x54>
    287a:	4682                	lw	a3,0(sp)
    287c:	02d00793          	li	a5,45
    2880:	4401                	li	s0,0
    2882:	fef68fa3          	sb	a5,-1(a3)
    2886:	ffe70793          	addi	a5,a4,-2
    288a:	c03e                	sw	a5,0(sp)
    288c:	b775                	j	2838 <printInt+0xba>
    288e:	db9ff0ef          	jal	ra,2646 <printchar>
    2892:	05800593          	li	a1,88
    2896:	b7c9                	j	2858 <printInt+0xda>

00002898 <printLongLongInt>:
    2898:	4501                	li	a0,0
    289a:	8082                	ret

0000289c <printDouble>:
    289c:	4501                	li	a0,0
    289e:	8082                	ret

000028a0 <print>:
    28a0:	fd810113          	addi	sp,sp,-40
    28a4:	d022                	sw	s0,32(sp)
    28a6:	ce26                	sw	s1,28(sp)
    28a8:	d206                	sw	ra,36(sp)
    28aa:	c42a                	sw	a0,8(sp)
    28ac:	82ae                	mv	t0,a1
    28ae:	8432                	mv	s0,a2
    28b0:	c602                	sw	zero,12(sp)
    28b2:	4481                	li	s1,0
    28b4:	00028583          	lb	a1,0(t0)
    28b8:	ed91                	bnez	a1,28d4 <print+0x34>
    28ba:	47a2                	lw	a5,8(sp)
    28bc:	c789                	beqz	a5,28c6 <print+0x26>
    28be:	4581                	li	a1,0
    28c0:	853e                	mv	a0,a5
    28c2:	d85ff0ef          	jal	ra,2646 <printchar>
    28c6:	5092                	lw	ra,36(sp)
    28c8:	5402                	lw	s0,32(sp)
    28ca:	8526                	mv	a0,s1
    28cc:	44f2                	lw	s1,28(sp)
    28ce:	02810113          	addi	sp,sp,40
    28d2:	8082                	ret
    28d4:	02500793          	li	a5,37
    28d8:	00f58963          	beq	a1,a5,28ea <print+0x4a>
    28dc:	4522                	lw	a0,8(sp)
    28de:	c816                	sw	t0,16(sp)
    28e0:	0485                	addi	s1,s1,1
    28e2:	d65ff0ef          	jal	ra,2646 <printchar>
    28e6:	42c2                	lw	t0,16(sp)
    28e8:	a005                	j	2908 <print+0x68>
    28ea:	00128783          	lb	a5,1(t0)
    28ee:	00128713          	addi	a4,t0,1
    28f2:	00b79d63          	bne	a5,a1,290c <print+0x6c>
    28f6:	4522                	lw	a0,8(sp)
    28f8:	02500593          	li	a1,37
    28fc:	c83a                	sw	a4,16(sp)
    28fe:	d49ff0ef          	jal	ra,2646 <printchar>
    2902:	4742                	lw	a4,16(sp)
    2904:	0485                	addi	s1,s1,1
    2906:	82ba                	mv	t0,a4
    2908:	0285                	addi	t0,t0,1
    290a:	b76d                	j	28b4 <print+0x14>
    290c:	d7dd                	beqz	a5,28ba <print+0x1a>
    290e:	02b00693          	li	a3,43
    2912:	04d78963          	beq	a5,a3,2964 <print+0xc4>
    2916:	00f6c863          	blt	a3,a5,2926 <print+0x86>
    291a:	02300693          	li	a3,35
    291e:	04d78663          	beq	a5,a3,296a <print+0xca>
    2922:	4781                	li	a5,0
    2924:	a005                	j	2944 <print+0xa4>
    2926:	02d00693          	li	a3,45
    292a:	00d78a63          	beq	a5,a3,293e <print+0x9e>
    292e:	03000693          	li	a3,48
    2932:	fed798e3          	bne	a5,a3,2922 <print+0x82>
    2936:	00228713          	addi	a4,t0,2
    293a:	4789                	li	a5,2
    293c:	a021                	j	2944 <print+0xa4>
    293e:	00228713          	addi	a4,t0,2
    2942:	4785                	li	a5,1
    2944:	00070683          	lb	a3,0(a4)
    2948:	02b00613          	li	a2,43
    294c:	04c68363          	beq	a3,a2,2992 <print+0xf2>
    2950:	02d64163          	blt	a2,a3,2972 <print+0xd2>
    2954:	02300613          	li	a2,35
    2958:	02c68b63          	beq	a3,a2,298e <print+0xee>
    295c:	82ba                	mv	t0,a4
    295e:	4501                	li	a0,0
    2960:	46a5                	li	a3,9
    2962:	a081                	j	29a2 <print+0x102>
    2964:	00228713          	addi	a4,t0,2
    2968:	bf6d                	j	2922 <print+0x82>
    296a:	00228713          	addi	a4,t0,2
    296e:	4791                	li	a5,4
    2970:	bfd1                	j	2944 <print+0xa4>
    2972:	02d00613          	li	a2,45
    2976:	00c68963          	beq	a3,a2,2988 <print+0xe8>
    297a:	03000613          	li	a2,48
    297e:	fcc69fe3          	bne	a3,a2,295c <print+0xbc>
    2982:	0027e793          	ori	a5,a5,2
    2986:	a031                	j	2992 <print+0xf2>
    2988:	0705                	addi	a4,a4,1
    298a:	4785                	li	a5,1
    298c:	bfc1                	j	295c <print+0xbc>
    298e:	0047e793          	ori	a5,a5,4
    2992:	0705                	addi	a4,a4,1
    2994:	b7e1                	j	295c <print+0xbc>
    2996:	00251613          	slli	a2,a0,0x2
    299a:	9532                	add	a0,a0,a2
    299c:	0506                	slli	a0,a0,0x1
    299e:	953a                	add	a0,a0,a4
    29a0:	0285                	addi	t0,t0,1
    29a2:	00028603          	lb	a2,0(t0)
    29a6:	fd060713          	addi	a4,a2,-48
    29aa:	0ff77593          	andi	a1,a4,255
    29ae:	feb6f4e3          	bgeu	a3,a1,2996 <print+0xf6>
    29b2:	02e00713          	li	a4,46
    29b6:	4699                	li	a3,6
    29b8:	00e61e63          	bne	a2,a4,29d4 <print+0x134>
    29bc:	0285                	addi	t0,t0,1
    29be:	4681                	li	a3,0
    29c0:	45a5                	li	a1,9
    29c2:	00028603          	lb	a2,0(t0)
    29c6:	fd060613          	addi	a2,a2,-48
    29ca:	0ff67713          	andi	a4,a2,255
    29ce:	02e5f563          	bgeu	a1,a4,29f8 <print+0x158>
    29d2:	c636                	sw	a3,12(sp)
    29d4:	00028703          	lb	a4,0(t0)
    29d8:	06a00613          	li	a2,106
    29dc:	0ac70d63          	beq	a4,a2,2a96 <print+0x1f6>
    29e0:	02e64363          	blt	a2,a4,2a06 <print+0x166>
    29e4:	04c00613          	li	a2,76
    29e8:	0ac70763          	beq	a4,a2,2a96 <print+0x1f6>
    29ec:	06800613          	li	a2,104
    29f0:	08c70c63          	beq	a4,a2,2a88 <print+0x1e8>
    29f4:	4581                	li	a1,0
    29f6:	a82d                	j	2a30 <print+0x190>
    29f8:	00269713          	slli	a4,a3,0x2
    29fc:	96ba                	add	a3,a3,a4
    29fe:	0686                	slli	a3,a3,0x1
    2a00:	96b2                	add	a3,a3,a2
    2a02:	0285                	addi	t0,t0,1
    2a04:	bf7d                	j	29c2 <print+0x122>
    2a06:	07400613          	li	a2,116
    2a0a:	08c70663          	beq	a4,a2,2a96 <print+0x1f6>
    2a0e:	07a00613          	li	a2,122
    2a12:	08c70263          	beq	a4,a2,2a96 <print+0x1f6>
    2a16:	06c00613          	li	a2,108
    2a1a:	4581                	li	a1,0
    2a1c:	00c71a63          	bne	a4,a2,2a30 <print+0x190>
    2a20:	00128603          	lb	a2,1(t0)
    2a24:	458d                	li	a1,3
    2a26:	00e61463          	bne	a2,a4,2a2e <print+0x18e>
    2a2a:	0285                	addi	t0,t0,1
    2a2c:	4591                	li	a1,4
    2a2e:	0285                	addi	t0,t0,1
    2a30:	00028603          	lb	a2,0(t0)
    2a34:	06000393          	li	t2,96
    2a38:	06100713          	li	a4,97
    2a3c:	00c3c463          	blt	t2,a2,2a44 <print+0x1a4>
    2a40:	04100713          	li	a4,65
    2a44:	06700393          	li	t2,103
    2a48:	06c3c463          	blt	t2,a2,2ab0 <print+0x210>
    2a4c:	06500393          	li	t2,101
    2a50:	18765663          	bge	a2,t2,2bdc <print+0x33c>
    2a54:	04700393          	li	t2,71
    2a58:	04c3c163          	blt	t2,a2,2a9a <print+0x1fa>
    2a5c:	04500593          	li	a1,69
    2a60:	16b65e63          	bge	a2,a1,2bdc <print+0x33c>
    2a64:	04300713          	li	a4,67
    2a68:	eae610e3          	bne	a2,a4,2908 <print+0x68>
    2a6c:	4018                	lw	a4,0(s0)
    2a6e:	00440393          	addi	t2,s0,4
    2a72:	ca16                	sw	t0,20(sp)
    2a74:	00e10c23          	sb	a4,24(sp)
    2a78:	c81e                	sw	t2,16(sp)
    2a7a:	00010ca3          	sb	zero,25(sp)
    2a7e:	4701                	li	a4,0
    2a80:	86be                	mv	a3,a5
    2a82:	862a                	mv	a2,a0
    2a84:	082c                	addi	a1,sp,24
    2a86:	a849                	j	2b18 <print+0x278>
    2a88:	00128603          	lb	a2,1(t0)
    2a8c:	4581                	li	a1,0
    2a8e:	fae611e3          	bne	a2,a4,2a30 <print+0x190>
    2a92:	0289                	addi	t0,t0,2
    2a94:	bf71                	j	2a30 <print+0x190>
    2a96:	0285                	addi	t0,t0,1
    2a98:	bfb1                	j	29f4 <print+0x154>
    2a9a:	06300693          	li	a3,99
    2a9e:	fcd607e3          	beq	a2,a3,2a6c <print+0x1cc>
    2aa2:	06c6cf63          	blt	a3,a2,2b20 <print+0x280>
    2aa6:	05800693          	li	a3,88
    2aaa:	02d60363          	beq	a2,a3,2ad0 <print+0x230>
    2aae:	bda9                	j	2908 <print+0x68>
    2ab0:	07300693          	li	a3,115
    2ab4:	04d60463          	beq	a2,a3,2afc <print+0x25c>
    2ab8:	02c6cb63          	blt	a3,a2,2aee <print+0x24e>
    2abc:	06f00693          	li	a3,111
    2ac0:	0ed60563          	beq	a2,a3,2baa <print+0x30a>
    2ac4:	07000693          	li	a3,112
    2ac8:	0047e793          	ori	a5,a5,4
    2acc:	e2d61ee3          	bne	a2,a3,2908 <print+0x68>
    2ad0:	4691                	li	a3,4
    2ad2:	0cd59263          	bne	a1,a3,2b96 <print+0x2f6>
    2ad6:	00840393          	addi	t2,s0,8
    2ada:	400c                	lw	a1,0(s0)
    2adc:	4050                	lw	a2,4(s0)
    2ade:	ca16                	sw	t0,20(sp)
    2ae0:	c23a                	sw	a4,4(sp)
    2ae2:	c03e                	sw	a5,0(sp)
    2ae4:	c81e                	sw	t2,16(sp)
    2ae6:	87aa                	mv	a5,a0
    2ae8:	4701                	li	a4,0
    2aea:	46c1                	li	a3,16
    2aec:	a881                	j	2b3c <print+0x29c>
    2aee:	07500693          	li	a3,117
    2af2:	06d60b63          	beq	a2,a3,2b68 <print+0x2c8>
    2af6:	07800693          	li	a3,120
    2afa:	bf45                	j	2aaa <print+0x20a>
    2afc:	4018                	lw	a4,0(s0)
    2afe:	000036b7          	lui	a3,0x3
    2b02:	00440393          	addi	t2,s0,4
    2b06:	7fc68593          	addi	a1,a3,2044 # 37fc <puts+0xbd8>
    2b0a:	c311                	beqz	a4,2b0e <print+0x26e>
    2b0c:	85ba                	mv	a1,a4
    2b0e:	4732                	lw	a4,12(sp)
    2b10:	ca16                	sw	t0,20(sp)
    2b12:	c81e                	sw	t2,16(sp)
    2b14:	86be                	mv	a3,a5
    2b16:	862a                	mv	a2,a0
    2b18:	4522                	lw	a0,8(sp)
    2b1a:	b77ff0ef          	jal	ra,2690 <prints>
    2b1e:	a015                	j	2b42 <print+0x2a2>
    2b20:	4691                	li	a3,4
    2b22:	02d59563          	bne	a1,a3,2b4c <print+0x2ac>
    2b26:	00840393          	addi	t2,s0,8
    2b2a:	400c                	lw	a1,0(s0)
    2b2c:	4050                	lw	a2,4(s0)
    2b2e:	ca16                	sw	t0,20(sp)
    2b30:	c23a                	sw	a4,4(sp)
    2b32:	c03e                	sw	a5,0(sp)
    2b34:	c81e                	sw	t2,16(sp)
    2b36:	87aa                	mv	a5,a0
    2b38:	4705                	li	a4,1
    2b3a:	46a9                	li	a3,10
    2b3c:	4522                	lw	a0,8(sp)
    2b3e:	d5bff0ef          	jal	ra,2898 <printLongLongInt>
    2b42:	43c2                	lw	t2,16(sp)
    2b44:	94aa                	add	s1,s1,a0
    2b46:	841e                	mv	s0,t2
    2b48:	42d2                	lw	t0,20(sp)
    2b4a:	bb7d                	j	2908 <print+0x68>
    2b4c:	46b2                	lw	a3,12(sp)
    2b4e:	400c                	lw	a1,0(s0)
    2b50:	c816                	sw	t0,16(sp)
    2b52:	c236                	sw	a3,4(sp)
    2b54:	c03a                	sw	a4,0(sp)
    2b56:	0411                	addi	s0,s0,4
    2b58:	872a                	mv	a4,a0
    2b5a:	4685                	li	a3,1
    2b5c:	4629                	li	a2,10
    2b5e:	4522                	lw	a0,8(sp)
    2b60:	c1fff0ef          	jal	ra,277e <printInt>
    2b64:	94aa                	add	s1,s1,a0
    2b66:	b341                	j	28e6 <print+0x46>
    2b68:	4691                	li	a3,4
    2b6a:	00d59d63          	bne	a1,a3,2b84 <print+0x2e4>
    2b6e:	00840393          	addi	t2,s0,8
    2b72:	400c                	lw	a1,0(s0)
    2b74:	4050                	lw	a2,4(s0)
    2b76:	ca16                	sw	t0,20(sp)
    2b78:	c23a                	sw	a4,4(sp)
    2b7a:	c03e                	sw	a5,0(sp)
    2b7c:	c81e                	sw	t2,16(sp)
    2b7e:	87aa                	mv	a5,a0
    2b80:	4701                	li	a4,0
    2b82:	bf65                	j	2b3a <print+0x29a>
    2b84:	46b2                	lw	a3,12(sp)
    2b86:	400c                	lw	a1,0(s0)
    2b88:	c816                	sw	t0,16(sp)
    2b8a:	c236                	sw	a3,4(sp)
    2b8c:	c03a                	sw	a4,0(sp)
    2b8e:	0411                	addi	s0,s0,4
    2b90:	872a                	mv	a4,a0
    2b92:	4681                	li	a3,0
    2b94:	b7e1                	j	2b5c <print+0x2bc>
    2b96:	46b2                	lw	a3,12(sp)
    2b98:	c816                	sw	t0,16(sp)
    2b9a:	400c                	lw	a1,0(s0)
    2b9c:	4641                	li	a2,16
    2b9e:	c236                	sw	a3,4(sp)
    2ba0:	c03a                	sw	a4,0(sp)
    2ba2:	0411                	addi	s0,s0,4
    2ba4:	872a                	mv	a4,a0
    2ba6:	4681                	li	a3,0
    2ba8:	bf5d                	j	2b5e <print+0x2be>
    2baa:	4691                	li	a3,4
    2bac:	00d59e63          	bne	a1,a3,2bc8 <print+0x328>
    2bb0:	00840393          	addi	t2,s0,8
    2bb4:	400c                	lw	a1,0(s0)
    2bb6:	4050                	lw	a2,4(s0)
    2bb8:	ca16                	sw	t0,20(sp)
    2bba:	c23a                	sw	a4,4(sp)
    2bbc:	c03e                	sw	a5,0(sp)
    2bbe:	c81e                	sw	t2,16(sp)
    2bc0:	87aa                	mv	a5,a0
    2bc2:	4701                	li	a4,0
    2bc4:	46a1                	li	a3,8
    2bc6:	bf9d                	j	2b3c <print+0x29c>
    2bc8:	46b2                	lw	a3,12(sp)
    2bca:	400c                	lw	a1,0(s0)
    2bcc:	c816                	sw	t0,16(sp)
    2bce:	c236                	sw	a3,4(sp)
    2bd0:	c03a                	sw	a4,0(sp)
    2bd2:	0411                	addi	s0,s0,4
    2bd4:	872a                	mv	a4,a0
    2bd6:	4681                	li	a3,0
    2bd8:	4621                	li	a2,8
    2bda:	b751                	j	2b5e <print+0x2be>
    2bdc:	400c                	lw	a1,0(s0)
    2bde:	00840613          	addi	a2,s0,8
    2be2:	4040                	lw	s0,4(s0)
    2be4:	c23a                	sw	a4,4(sp)
    2be6:	872a                	mv	a4,a0
    2be8:	4522                	lw	a0,8(sp)
    2bea:	c832                	sw	a2,16(sp)
    2bec:	c03e                	sw	a5,0(sp)
    2bee:	8622                	mv	a2,s0
    2bf0:	87b6                	mv	a5,a3
    2bf2:	46a9                	li	a3,10
    2bf4:	ca16                	sw	t0,20(sp)
    2bf6:	ca7ff0ef          	jal	ra,289c <printDouble>
    2bfa:	94aa                	add	s1,s1,a0
    2bfc:	4442                	lw	s0,16(sp)
    2bfe:	b7a9                	j	2b48 <print+0x2a8>

00002c00 <printf>:
    2c00:	fdc10113          	addi	sp,sp,-36
    2c04:	c82e                	sw	a1,16(sp)
    2c06:	ca32                	sw	a2,20(sp)
    2c08:	85aa                	mv	a1,a0
    2c0a:	0810                	addi	a2,sp,16
    2c0c:	4501                	li	a0,0
    2c0e:	c606                	sw	ra,12(sp)
    2c10:	cc36                	sw	a3,24(sp)
    2c12:	ce3a                	sw	a4,28(sp)
    2c14:	d03e                	sw	a5,32(sp)
    2c16:	c032                	sw	a2,0(sp)
    2c18:	c89ff0ef          	jal	ra,28a0 <print>
    2c1c:	40b2                	lw	ra,12(sp)
    2c1e:	02410113          	addi	sp,sp,36
    2c22:	8082                	ret

00002c24 <puts>:
    2c24:	1141                	addi	sp,sp,-16
    2c26:	c422                	sw	s0,8(sp)
    2c28:	c226                	sw	s1,4(sp)
    2c2a:	c606                	sw	ra,12(sp)
    2c2c:	211c                	lbu	a5,0(a0)
    2c2e:	84aa                	mv	s1,a0
    2c30:	4401                	li	s0,0
    2c32:	81dc                	sb	a5,3(sp)
    2c34:	00310783          	lb	a5,3(sp)
    2c38:	0405                	addi	s0,s0,1
    2c3a:	ef99                	bnez	a5,2c58 <puts+0x34>
    2c3c:	47a9                	li	a5,10
    2c3e:	00310593          	addi	a1,sp,3
    2c42:	4605                	li	a2,1
    2c44:	4501                	li	a0,0
    2c46:	81dc                	sb	a5,3(sp)
    2c48:	9afff0ef          	jal	ra,25f6 <_write>
    2c4c:	8522                	mv	a0,s0
    2c4e:	40b2                	lw	ra,12(sp)
    2c50:	4422                	lw	s0,8(sp)
    2c52:	4492                	lw	s1,4(sp)
    2c54:	0141                	addi	sp,sp,16
    2c56:	8082                	ret
    2c58:	4605                	li	a2,1
    2c5a:	00310593          	addi	a1,sp,3
    2c5e:	4501                	li	a0,0
    2c60:	997ff0ef          	jal	ra,25f6 <_write>
    2c64:	008487b3          	add	a5,s1,s0
    2c68:	239c                	lbu	a5,0(a5)
    2c6a:	81dc                	sb	a5,3(sp)
    2c6c:	b7e1                	j	2c34 <puts+0x10>
    2c6e:	0000                	unimp
    2c70:	0a0d                	addi	s4,s4,3
    2c72:	3d3d                	jal	2ab0 <print+0x210>
    2c74:	3d3d                	jal	2ab2 <print+0x212>
    2c76:	3d3d                	jal	2ab4 <print+0x214>
    2c78:	3d3d                	jal	2ab6 <print+0x216>
    2c7a:	3d3d                	jal	2ab8 <print+0x218>
    2c7c:	3d3d                	jal	2aba <print+0x21a>
    2c7e:	3d3d                	jal	2abc <print+0x21c>
    2c80:	3d3d                	jal	2abe <print+0x21e>
    2c82:	3d3d                	jal	2ac0 <print+0x220>
    2c84:	3d3d                	jal	2ac2 <print+0x222>
    2c86:	3d3d                	jal	2ac4 <print+0x224>
    2c88:	3d3d                	jal	2ac6 <print+0x226>
    2c8a:	3d3d                	jal	2ac8 <print+0x228>
    2c8c:	3d3d                	jal	2aca <print+0x22a>
    2c8e:	3d3d                	jal	2acc <print+0x22c>
    2c90:	3d3d                	jal	2ace <print+0x22e>
    2c92:	3d3d                	jal	2ad0 <print+0x230>
    2c94:	3d3d                	jal	2ad2 <print+0x232>
    2c96:	3d3d                	jal	2ad4 <print+0x234>
    2c98:	3d3d                	jal	2ad6 <print+0x236>
    2c9a:	000d                	c.nop	3
    2c9c:	524f4c5b          	0x524f4c5b
    2ca0:	5d41                	li	s10,-16
    2ca2:	2d20                	lbu	s0,26(a0)
    2ca4:	2d2d                	jal	32de <puts+0x6ba>
    2ca6:	5320                	lw	s0,96(a4)
    2ca8:	3158                	lbu	a4,5(a0)
    2caa:	3732                	lhu	a2,42(a4)
    2cac:	2038                	lbu	a4,2(s0)
    2cae:	6f4c                	flw	fa1,28(a4)
    2cb0:	6152                	flw	ft2,20(sp)
    2cb2:	4920                	lw	s0,80(a0)
    2cb4:	696e                	flw	fs2,216(sp)
    2cb6:	6974                	flw	fa3,84(a0)
    2cb8:	6c61                	lui	s8,0x18
    2cba:	7a69                	lui	s4,0xffffa
    2cbc:	7461                	lui	s0,0xffff8
    2cbe:	6f69                	lui	t5,0x1a
    2cc0:	206e                	lhu	a1,6(s0)
    2cc2:	2d2d                	jal	32fc <puts+0x6d8>
    2cc4:	0d2d                	addi	s10,s10,11
    2cc6:	0000                	unimp
    2cc8:	524f4c5b          	0x524f4c5b
    2ccc:	5d41                	li	s10,-16
    2cce:	5220                	lw	s0,96(a2)
    2cd0:	7365                	lui	t1,0xffff9
    2cd2:	7465                	lui	s0,0xffff9
    2cd4:	6974                	flw	fa3,84(a0)
    2cd6:	676e                	flw	fa4,216(sp)
    2cd8:	6d20                	flw	fs0,88(a0)
    2cda:	6c75646f          	jal	s0,59ba0 <_data_lma+0x5639c>
    2cde:	2065                	jal	2d86 <puts+0x162>
    2ce0:	6976                	flw	fs2,92(sp)
    2ce2:	2061                	jal	2d6a <puts+0x146>
    2ce4:	4450                	lw	a2,12(s0)
    2ce6:	2e34                	lbu	a3,26(a2)
    2ce8:	2e2e                	lhu	a1,26(a2)
    2cea:	000d                	c.nop	3
    2cec:	524f4c5b          	0x524f4c5b
    2cf0:	5d41                	li	s10,-16
    2cf2:	5220                	lw	s0,96(a2)
    2cf4:	6165                	addi	sp,sp,112
    2cf6:	2064                	lbu	s1,6(s0)
    2cf8:	696c6953          	0x696c6953
    2cfc:	206e6f63          	bltu	t3,t1,2f1a <puts+0x2f6>
    2d00:	6556                	flw	fa0,84(sp)
    2d02:	7372                	flw	ft6,60(sp)
    2d04:	6f69                	lui	t5,0x1a
    2d06:	3a6e                	lhu	a1,54(a2)
    2d08:	3020                	lbu	s0,3(s0)
    2d0a:	2578                	lbu	a4,14(a0)
    2d0c:	3230                	lbu	a2,3(a2)
    2d0e:	2058                	lbu	a4,4(s0)
    2d10:	4528                	lw	a0,72(a0)
    2d12:	7078                	flw	fa4,100(s0)
    2d14:	6365                	lui	t1,0x19
    2d16:	6574                	flw	fa3,76(a0)
    2d18:	3a64                	lbu	s1,23(a2)
    2d1a:	3020                	lbu	s0,3(s0)
    2d1c:	3178                	lbu	a4,7(a0)
    2d1e:	2932                	lhu	a2,18(a0)
    2d20:	0a0d                	addi	s4,s4,3
    2d22:	0000                	unimp
    2d24:	524f4c5b          	0x524f4c5b
    2d28:	5d41                	li	s10,-16
    2d2a:	3f20                	lbu	s0,27(a4)
    2d2c:	4520                	lw	s0,72(a0)
    2d2e:	5252                	lw	tp,52(sp)
    2d30:	203a524f          	fnmadd.s	ft4,fs4,ft3,ft4,unknown
    2d34:	32315853          	0x32315853
    2d38:	6e203837          	lui	a6,0x6e203
    2d3c:	7220746f          	jal	s0,a45e <_data_lma+0x6c5a>
    2d40:	7365                	lui	t1,0xffff9
    2d42:	6f70                	flw	fa2,92(a4)
    2d44:	646e                	flw	fs0,216(sp)
    2d46:	6e69                	lui	t3,0x1a
    2d48:	43202167          	0x43202167
    2d4c:	6568                	flw	fa0,76(a0)
    2d4e:	53206b63          	bltu	zero,s2,3284 <puts+0x660>
    2d52:	4d2f4b43          	0x4d2f4b43
    2d56:	5349                	li	t1,-14
    2d58:	4f4d2f4f          	fnmadd.q	ft10,fs10,fs4,fs1,rdn
    2d5c:	4e2f4953          	0x4e2f4953
    2d60:	77205353          	0x77205353
    2d64:	7269                	lui	tp,0xffffa
    2d66:	7365                	lui	t1,0xffff9
    2d68:	0d2e                	slli	s10,s10,0xb
    2d6a:	0000                	unimp
    2d6c:	524f4c5b          	0x524f4c5b
    2d70:	5d41                	li	s10,-16
    2d72:	4f20                	lw	s0,88(a4)
    2d74:	4d70                	lw	a2,92(a0)
    2d76:	2065646f          	jal	s0,58f7c <_data_lma+0x55778>
    2d7a:	6661                	lui	a2,0x18
    2d7c:	6574                	flw	fa3,76(a0)
    2d7e:	2072                	lhu	a2,6(s0)
    2d80:	6e69                	lui	t3,0x1a
    2d82:	7469                	lui	s0,0xffffa
    2d84:	203a                	lhu	a4,2(s0)
    2d86:	7830                	flw	fa2,112(s0)
    2d88:	3025                	jal	25b0 <USART_Printf_Init+0x16>
    2d8a:	5832                	lw	a6,44(sp)
    2d8c:	2820                	lbu	s0,18(s0)
    2d8e:	7845                	lui	a6,0xffff1
    2d90:	6570                	flw	fa2,76(a0)
    2d92:	64657463          	bgeu	a0,t1,33da <puts+0x7b6>
    2d96:	3020                	lbu	s0,3(s0)
    2d98:	3878                	lbu	a4,23(s0)
    2d9a:	2939                	jal	31b8 <puts+0x594>
    2d9c:	0a0d                	addi	s4,s4,3
    2d9e:	0000                	unimp
    2da0:	524f4c5b          	0x524f4c5b
    2da4:	5d41                	li	s10,-16
    2da6:	3f20                	lbu	s0,27(a4)
    2da8:	4920                	lw	s0,80(a0)
    2daa:	696e                	flw	fs2,216(sp)
    2dac:	2074                	lbu	a3,6(s0)
    2dae:	706d6f43          	fmadd.s	ft10,fs10,ft6,fa4,unknown
    2db2:	656c                	flw	fa1,76(a0)
    2db4:	6574                	flw	fa3,76(a0)
    2db6:	203a                	lhu	a4,2(s0)
    2db8:	3334                	lbu	a3,3(a4)
    2dba:	7a484d33          	0x7a484d33
    2dbe:	7c20                	flw	fs0,120(s0)
    2dc0:	5320                	lw	s0,96(a4)
    2dc2:	3746                	lhu	s1,44(a4)
    2dc4:	7c20                	flw	fs0,120(s0)
    2dc6:	4220                	lw	s0,64(a2)
    2dc8:	32312057          	0x32312057
    2dcc:	6b35                	lui	s6,0xd
    2dce:	7a48                	flw	fa0,52(a2)
    2dd0:	7c20                	flw	fs0,120(s0)
    2dd2:	5020                	lw	s0,96(s0)
    2dd4:	7265776f          	jal	a4,5a4fa <_data_lma+0x56cf6>
    2dd8:	2b20                	lbu	s0,18(a4)
    2dda:	3731                	jal	2ce6 <puts+0xc2>
    2ddc:	4264                	lw	s1,68(a2)
    2dde:	206d                	jal	2e88 <puts+0x264>
    2de0:	5328                	lw	a0,96(a4)
    2de2:	2d74666f          	jal	a2,498b8 <_data_lma+0x460b4>
    2de6:	72617453          	0x72617453
    2dea:	2074                	lbu	a3,6(s0)
    2dec:	3031                	jal	25f8 <_write+0x2>
    2dee:	7530                	flw	fa2,104(a0)
    2df0:	000d2973          	csrrs	s2,ustatus,s10
    2df4:	3d3d                	jal	2c32 <puts+0xe>
    2df6:	3d3d                	jal	2c34 <puts+0x10>
    2df8:	3d3d                	jal	2c36 <puts+0x12>
    2dfa:	3d3d                	jal	2c38 <puts+0x14>
    2dfc:	3d3d                	jal	2c3a <puts+0x16>
    2dfe:	3d3d                	jal	2c3c <puts+0x18>
    2e00:	3d3d                	jal	2c3e <puts+0x1a>
    2e02:	3d3d                	jal	2c40 <puts+0x1c>
    2e04:	3d3d                	jal	2c42 <puts+0x1e>
    2e06:	3d3d                	jal	2c44 <puts+0x20>
    2e08:	3d3d                	jal	2c46 <puts+0x22>
    2e0a:	3d3d                	jal	2c48 <puts+0x24>
    2e0c:	3d3d                	jal	2c4a <puts+0x26>
    2e0e:	3d3d                	jal	2c4c <puts+0x28>
    2e10:	3d3d                	jal	2c4e <puts+0x2a>
    2e12:	3d3d                	jal	2c50 <puts+0x2c>
    2e14:	3d3d                	jal	2c52 <puts+0x2e>
    2e16:	3d3d                	jal	2c54 <puts+0x30>
    2e18:	3d3d                	jal	2c56 <puts+0x32>
    2e1a:	3d3d                	jal	2c58 <puts+0x34>
    2e1c:	000d                	c.nop	3
    2e1e:	0000                	unimp
    2e20:	524f4c5b          	0x524f4c5b
    2e24:	2041                	jal	2ea4 <puts+0x280>
    2e26:	5852                	lw	a6,52(sp)
    2e28:	205d                	jal	2ece <puts+0x2aa>
    2e2a:	6552203f 76696563 	0x766965636552203f
    2e32:	6465                	lui	s0,0x19
    2e34:	2520                	lbu	s0,10(a0)
    2e36:	2064                	lbu	s1,6(s0)
    2e38:	7942                	flw	fs2,48(sp)
    2e3a:	6574                	flw	fa3,76(a0)
    2e3c:	72662073          	csrs	0x726,a2
    2e40:	46206d6f          	jal	s10,92a2 <_data_lma+0x5a9e>
    2e44:	4649                	li	a2,18
    2e46:	4128204f          	fnmadd.s	ft0,fa6,fs2,fs0,rdn
    2e4a:	6464                	flw	fs1,76(s0)
    2e4c:	3a72                	lhu	a2,54(a2)
    2e4e:	3020                	lbu	s0,3(s0)
    2e50:	2578                	lbu	a4,14(a0)
    2e52:	3230                	lbu	a2,3(a2)
    2e54:	2958                	lbu	a4,20(a0)
    2e56:	0a0d                	addi	s4,s4,3
    2e58:	0000                	unimp
    2e5a:	0000                	unimp
    2e5c:	524f4c5b          	0x524f4c5b
    2e60:	2041                	jal	2ee0 <puts+0x2bc>
    2e62:	5854                	lw	a3,52(s0)
    2e64:	205d                	jal	2f0a <puts+0x2e6>
    2e66:	6150203f 74656b63 	0x74656b636150203f
    2e6e:	5320                	lw	s0,96(a4)
    2e70:	6e65                	lui	t3,0x19
    2e72:	2174                	lbu	a3,6(a0)
    2e74:	2820                	lbu	s0,18(s0)
    2e76:	6954                	flw	fa3,20(a0)
    2e78:	656d                	lui	a0,0x1b
    2e7a:	203a                	lhu	a4,2(s0)
    2e7c:	6425                	lui	s0,0x9
    2e7e:	6d20                	flw	fs0,88(a0)
    2e80:	49202c73          	csrr	s8,0x492
    2e84:	5152                	lw	sp,52(sp)
    2e86:	203a                	lhu	a4,2(s0)
    2e88:	7830                	flw	fa2,112(s0)
    2e8a:	3025                	jal	26b2 <prints+0x22>
    2e8c:	5832                	lw	a6,44(sp)
    2e8e:	0d29                	addi	s10,s10,10
    2e90:	000a                	c.slli	zero,0x2
    2e92:	0000                	unimp
    2e94:	524f4c5b          	0x524f4c5b
    2e98:	2041                	jal	2f18 <puts+0x2f4>
    2e9a:	5854                	lw	a3,52(s0)
    2e9c:	205d                	jal	2f42 <puts+0x31e>
    2e9e:	5854203f 6d695420 	0x6d6954205854203f
    2ea6:	6f65                	lui	t5,0x19
    2ea8:	7475                	lui	s0,0xffffd
    2eaa:	2021                	jal	2eb2 <puts+0x28e>
    2eac:	6946                	flw	fs2,80(sp)
    2eae:	616e                	flw	ft2,216(sp)
    2eb0:	206c                	lbu	a1,6(s0)
    2eb2:	6f4d704f          	fnmadd.q	ft0,fs10,fs4,fa3
    2eb6:	6564                	flw	fs1,76(a0)
    2eb8:	203a                	lhu	a4,2(s0)
    2eba:	7830                	flw	fa2,112(s0)
    2ebc:	3025                	jal	26e4 <prints+0x54>
    2ebe:	5832                	lw	a6,44(sp)
    2ec0:	202c                	lbu	a1,2(s0)
    2ec2:	5249                	li	tp,-14
    2ec4:	5f51                	li	t5,-12
    2ec6:	4c46                	lw	s8,80(sp)
    2ec8:	4741                	li	a4,16
    2eca:	30203a53          	0x30203a53
    2ece:	2578                	lbu	a4,14(a0)
    2ed0:	3230                	lbu	a2,3(a2)
    2ed2:	0d58                	addi	a4,sp,660
    2ed4:	000a                	c.slli	zero,0x2
    2ed6:	0000                	unimp
    2ed8:	5257505b          	0x5257505b
    2edc:	205d                	jal	2f82 <puts+0x35e>
    2ede:	65656c53          	0x65656c53
    2ee2:	2070                	lbu	a2,6(s0)
    2ee4:	2528                	lbu	a0,10(a0)
    2ee6:	7364                	flw	fs1,100(a4)
    2ee8:	4120                	lw	s0,64(a0)
    2eea:	2e295557          	0x2e295557
    2eee:	2e2e                	lhu	a1,26(a2)
    2ef0:	0a0d                	addi	s4,s4,3
    2ef2:	0000                	unimp
    2ef4:	5257505b          	0x5257505b
    2ef8:	205d                	jal	2f9e <puts+0x37a>
    2efa:	656b6157          	0x656b6157
    2efe:	000d                	c.nop	3
    2f00:	5d4c465b          	0x5d4c465b
    2f04:	4d20                	lw	s0,88(a0)
    2f06:	6761                	lui	a4,0x18
    2f08:	6369                	lui	t1,0x1a
    2f0a:	3020                	lbu	s0,3(s0)
    2f0c:	2578                	lbu	a4,14(a0)
    2f0e:	3430                	lbu	a2,11(s0)
    2f10:	2058                	lbu	a4,4(s0)
    2f12:	3d21                	jal	2d2a <puts+0x106>
    2f14:	3020                	lbu	s0,3(s0)
    2f16:	4178                	lw	a4,68(a0)
    2f18:	3541                	jal	2d98 <puts+0x174>
    2f1a:	2035                	jal	2f46 <puts+0x322>
    2f1c:	3e2d                	jal	2a56 <print+0x1b6>
    2f1e:	5520                	lw	s0,104(a0)
    2f20:	706e                	flw	ft0,248(sp)
    2f22:	6f72                	flw	ft10,28(sp)
    2f24:	6d617267          	0x6d617267
    2f28:	656d                	lui	a0,0x1b
    2f2a:	2064                	lbu	s1,6(s0)
    2f2c:	6c46                	flw	fs8,80(sp)
    2f2e:	7361                	lui	t1,0xffff8
    2f30:	2e68                	lbu	a0,30(a2)
    2f32:	4920                	lw	s0,80(a0)
    2f34:	696e                	flw	fs2,216(sp)
    2f36:	2074                	lbu	a3,6(s0)
    2f38:	6564                	flw	fs1,76(a0)
    2f3a:	6166                	flw	ft2,88(sp)
    2f3c:	6c75                	lui	s8,0x1d
    2f3e:	7374                	flw	fa3,100(a4)
    2f40:	0d2e                	slli	s10,s10,0xb
    2f42:	000a                	c.slli	zero,0x2
    2f44:	5d4c465b          	0x5d4c465b
    2f48:	4320                	lw	s0,64(a4)
    2f4a:	4352                	lw	t1,20(sp)
    2f4c:	4520                	lw	s0,72(a0)
    2f4e:	7272                	flw	ft4,60(sp)
    2f50:	2820726f          	jal	tp,a1d2 <_data_lma+0x69ce>
    2f54:	6552                	flw	fa0,20(sp)
    2f56:	6461                	lui	s0,0x18
    2f58:	303a                	lhu	a4,34(s0)
    2f5a:	2578                	lbu	a4,14(a0)
    2f5c:	3230                	lbu	a2,3(a2)
    2f5e:	2058                	lbu	a4,4(s0)
    2f60:	3d21                	jal	2d78 <puts+0x154>
    2f62:	4320                	lw	s0,64(a4)
    2f64:	6c61                	lui	s8,0x18
    2f66:	78303a63          	0x78303a63
    2f6a:	3025                	jal	2792 <printInt+0x14>
    2f6c:	5832                	lw	a6,44(sp)
    2f6e:	2129                	jal	3378 <puts+0x754>
    2f70:	4620                	lw	s0,72(a2)
    2f72:	616c                	flw	fa1,68(a0)
    2f74:	43206873          	csrrsi	a6,0x432,0
    2f78:	7572726f          	jal	tp,2aece <_data_lma+0x276ca>
    2f7c:	7470                	flw	fa2,108(s0)
    2f7e:	6465                	lui	s0,0x19
    2f80:	2d20                	lbu	s0,26(a0)
    2f82:	203e                	lhu	a5,2(s0)
    2f84:	6552                	flw	fa0,20(sp)
    2f86:	20746573          	csrrsi	a0,0x207,8
    2f8a:	6564                	flw	fs1,76(a0)
    2f8c:	6166                	flw	ft2,88(sp)
    2f8e:	6c75                	lui	s8,0x1d
    2f90:	7374                	flw	fa3,100(a4)
    2f92:	0d2e                	slli	s10,s10,0xb
    2f94:	000a                	c.slli	zero,0x2
    2f96:	0000                	unimp
    2f98:	5d4c465b          	0x5d4c465b
    2f9c:	4c20                	lw	s0,88(s0)
    2f9e:	6564616f          	jal	sp,495f4 <_data_lma+0x45df0>
    2fa2:	2064                	lbu	s1,6(s0)
    2fa4:	6156                	flw	ft2,84(sp)
    2fa6:	696c                	flw	fa1,84(a0)
    2fa8:	2064                	lbu	s1,6(s0)
    2faa:	74746553          	0x74746553
    2fae:	6e69                	lui	t3,0x1a
    2fb0:	28207367          	0x28207367
    2fb4:	4449                	li	s0,18
    2fb6:	303a                	lhu	a4,34(s0)
    2fb8:	2578                	lbu	a4,14(a0)
    2fba:	3430                	lbu	a2,11(s0)
    2fbc:	2058                	lbu	a4,4(s0)
    2fbe:	74617453          	0x74617453
    2fc2:	7375                	lui	t1,0xffffd
    2fc4:	253a                	lhu	a4,10(a0)
    2fc6:	2064                	lbu	s1,6(s0)
    2fc8:	3a435243          	fmadd.d	ft4,ft6,ft4,ft7,unknown
    2fcc:	7830                	flw	fa2,112(s0)
    2fce:	3025                	jal	27f6 <printInt+0x78>
    2fd0:	5832                	lw	a6,44(sp)
    2fd2:	0d29                	addi	s10,s10,10
    2fd4:	000a                	c.slli	zero,0x2
    2fd6:	0000                	unimp
    2fd8:	5d4c465b          	0x5d4c465b
    2fdc:	5320                	lw	s0,96(a4)
    2fde:	7661                	lui	a2,0xffff8
    2fe0:	6465                	lui	s0,0x19
    2fe2:	4920                	lw	s0,80(a0)
    2fe4:	3a44                	lbu	s1,21(a2)
    2fe6:	7830                	flw	fa2,112(s0)
    2fe8:	3025                	jal	2810 <printInt+0x92>
    2fea:	5834                	lw	a3,112(s0)
    2fec:	5320                	lw	s0,96(a4)
    2fee:	253a                	lhu	a4,10(a0)
    2ff0:	2064                	lbu	s1,6(s0)
    2ff2:	3a435243          	fmadd.d	ft4,ft6,ft4,ft7,unknown
    2ff6:	7830                	flw	fa2,112(s0)
    2ff8:	3025                	jal	2820 <printInt+0xa2>
    2ffa:	5832                	lw	a6,44(sp)
    2ffc:	0a0d                	addi	s4,s4,3
    2ffe:	0000                	unimp
    3000:	4344415b          	0x4344415b
    3004:	205d                	jal	30aa <puts+0x486>
    3006:	4954                	lw	a3,20(a0)
    3008:	454d                	li	a0,19
    300a:	2054554f          	fnmadd.s	fa0,fs0,ft5,ft4,unknown
    300e:	64256863          	bltu	a0,sp,365e <puts+0xa3a>
    3012:	0d21                	addi	s10,s10,8
    3014:	000a                	c.slli	zero,0x2
    3016:	0000                	unimp
    3018:	5359535b          	0x5359535b
    301c:	205d                	jal	30c2 <puts+0x49e>
    301e:	4146                	lw	sp,80(sp)
    3020:	524f5443          	fmadd.d	fs0,ft10,ft4,fa0,unknown
    3024:	2059                	jal	30aa <puts+0x486>
    3026:	4552                	lw	a0,20(sp)
    3028:	20544553          	0x20544553
    302c:	3e28                	lbu	a0,27(a2)
    302e:	7335                	lui	t1,0xfffed
    3030:	4820                	lw	s0,80(s0)
    3032:	29646c6f          	jal	s8,492c8 <_data_lma+0x45ac4>
    3036:	000d                	c.nop	3
    3038:	646e6553          	0x646e6553
    303c:	6e69                	lui	t3,0x1a
    303e:	4e552067          	0x4e552067
    3042:	4150                	lw	a2,4(a0)
    3044:	5249                	li	tp,-14
    3046:	6220                	flw	fs0,64(a2)
    3048:	6665                	lui	a2,0x19
    304a:	2065726f          	jal	tp,5a250 <_data_lma+0x56a4c>
    304e:	6572                	flw	fa0,28(sp)
    3050:	0d746573          	csrrsi	a0,0xd7,8
    3054:	0000                	unimp
    3056:	0000                	unimp
    3058:	5359535b          	0x5359535b
    305c:	205d                	jal	3102 <puts+0x4de>
    305e:	6552                	flw	fa0,20(sp)
    3060:	6f62                	flw	ft10,24(sp)
    3062:	2820746f          	jal	s0,a2e4 <_data_lma+0x6ae0>
    3066:	48207333          	0x48207333
    306a:	29646c6f          	jal	s8,49300 <_data_lma+0x45afc>
    306e:	2e2e                	lhu	a1,26(a2)
    3070:	0d2e                	slli	s10,s10,0xb
    3072:	0000                	unimp
    3074:	5359535b          	0x5359535b
    3078:	205d                	jal	311e <puts+0x4fa>
    307a:	676e6953          	0x676e6953
    307e:	656c                	flw	fa1,76(a0)
    3080:	4320                	lw	s0,64(a4)
    3082:	696c                	flw	fa1,84(a0)
    3084:	2d206b63          	bltu	zero,s2,335a <puts+0x736>
    3088:	203e                	lhu	a5,2(s0)
    308a:	6f46                	flw	ft10,80(sp)
    308c:	6372                	flw	ft6,28(sp)
    308e:	2065                	jal	3136 <puts+0x512>
    3090:	6e49                	lui	t3,0x12
    3092:	6e617473          	csrrci	s0,0x6e6,2
    3096:	2074                	lbu	a3,6(s0)
    3098:	646e6553          	0x646e6553
    309c:	000d                	c.nop	3
    309e:	0000                	unimp
    30a0:	5359535b          	0x5359535b
    30a4:	205d                	jal	314a <puts+0x526>
    30a6:	6f4e                	flw	ft10,208(sp)
    30a8:	2074                	lbu	a3,6(s0)
    30aa:	6150                	flw	fa2,4(a0)
    30ac:	7269                	lui	tp,0xffffa
    30ae:	6465                	lui	s0,0x19
    30b0:	2d20                	lbu	s0,26(a0)
    30b2:	203e                	lhu	a5,2(s0)
    30b4:	7552                	flw	fa0,52(sp)
    30b6:	206e                	lhu	a1,6(s0)
    30b8:	6150                	flw	fa2,4(a0)
    30ba:	7269                	lui	tp,0xffffa
    30bc:	6e69                	lui	t3,0x1a
    30be:	00000d67          	jalr	s10,zero # 0 <_sinit>
    30c2:	0000                	unimp
    30c4:	5441445b          	0x5441445b
    30c8:	5d41                	li	s10,-16
    30ca:	4620                	lw	s0,72(a2)
    30cc:	6563726f          	jal	tp,3a722 <_data_lma+0x36f1e>
    30d0:	5320                	lw	s0,96(a4)
    30d2:	6e65                	lui	t3,0x19
    30d4:	2064                	lbu	s1,6(s0)
    30d6:	3e2d                	jal	2c10 <printf+0x10>
    30d8:	4120                	lw	s0,64(a0)
    30da:	4f204b43          	fmadd.q	fs6,ft0,fs2,fs1,rmm
    30de:	00000d4b          	fnmsub.s	fs10,ft0,ft0,ft0,rne
    30e2:	0000                	unimp
    30e4:	5441445b          	0x5441445b
    30e8:	5d41                	li	s10,-16
    30ea:	4620                	lw	s0,72(a2)
    30ec:	6563726f          	jal	tp,3a742 <_data_lma+0x36f3e>
    30f0:	5320                	lw	s0,96(a4)
    30f2:	6e65                	lui	t3,0x19
    30f4:	2064                	lbu	s1,6(s0)
    30f6:	3e2d                	jal	2c30 <puts+0xc>
    30f8:	4e20                	lw	s0,88(a2)
    30fa:	4341206f          	j	1552e <_data_lma+0x11d2a>
    30fe:	00000d4b          	fnmsub.s	fs10,ft0,ft0,ft0,rne
    3102:	0000                	unimp
    3104:	5359535b          	0x5359535b
    3108:	205d                	jal	31ae <puts+0x58a>
    310a:	6148                	flw	fa0,4(a0)
    310c:	6472                	flw	fs0,28(sp)
    310e:	65726177          	0x65726177
    3112:	4920                	lw	s0,80(a0)
    3114:	20474457          	0x20474457
    3118:	63746157          	0x63746157
    311c:	6468                	flw	fa0,76(s0)
    311e:	4920676f          	jal	a4,95b0 <_data_lma+0x5dac>
    3122:	696e                	flw	fs2,216(sp)
    3124:	6974                	flw	fa3,84(a0)
    3126:	6c61                	lui	s8,0x18
    3128:	7a69                	lui	s4,0xffffa
    312a:	6465                	lui	s0,0x19
    312c:	2820                	lbu	s0,18(s0)
    312e:	317e                	lhu	a5,38(a0)
    3130:	7330                	flw	fa2,96(a4)
    3132:	5420                	lw	s0,104(s0)
    3134:	6d69                	lui	s10,0x1a
    3136:	6f65                	lui	t5,0x19
    3138:	7475                	lui	s0,0xffffd
    313a:	0d29                	addi	s10,s10,10
    313c:	0000                	unimp
    313e:	0000                	unimp
    3140:	00474843          	fmadd.s	fa6,fa4,ft4,ft0,rmm
    3144:	4248                	lw	a0,4(a2)
    3146:	0000                	unimp
    3148:	0a0d                	addi	s4,s4,3
    314a:	3d3d                	jal	2f88 <puts+0x364>
    314c:	203d                	jal	317a <puts+0x556>
    314e:	4154                	lw	a3,4(a0)
    3150:	4b4e                	lw	s6,208(sp)
    3152:	4220                	lw	s0,64(a2)
    3154:	20544f4f          	fnmadd.s	ft10,fs0,ft5,ft4,rmm
    3158:	3d3d                	jal	2f96 <puts+0x372>
    315a:	0d3d                	addi	s10,s10,15
    315c:	0000                	unimp
    315e:	0000                	unimp
    3160:	32334843          	fmadd.d	fa6,ft6,ft3,ft6,rmm
    3164:	3056                	lhu	a3,36(s0)
    3166:	3330                	lbu	a2,3(a4)
    3168:	4020                	lw	s0,64(s0)
    316a:	2520                	lbu	s0,10(a0)
    316c:	756c                	flw	fa1,108(a0)
    316e:	7a48                	flw	fa0,52(a2)
    3170:	0a0d                	addi	s4,s4,3
    3172:	0000                	unimp
    3174:	5359535b          	0x5359535b
    3178:	205d                	jal	321e <puts+0x5fa>
    317a:	65666153          	0x65666153
    317e:	6544                	flw	fs1,12(a0)
    3180:	616c                	flw	fa1,68(a0)
    3182:	2079                	jal	3210 <puts+0x5ec>
    3184:	6425                	lui	s0,0x9
    3186:	736d                	lui	t1,0xffffb
    3188:	2e2e                	lhu	a1,26(a2)
    318a:	0020                	addi	s0,sp,8
    318c:	000d4b4f          	fnmadd.s	fs6,fs10,ft0,ft0,rmm
    3190:	6e49                	lui	t3,0x12
    3192:	7469                	lui	s0,0xffffa
    3194:	5220                	lw	s0,96(a2)
    3196:	6461                	lui	s0,0x18
    3198:	6f69                	lui	t5,0x1a
    319a:	2e2e                	lhu	a1,26(a2)
    319c:	0d2e                	slli	s10,s10,0xb
    319e:	0000                	unimp
    31a0:	5359535b          	0x5359535b
    31a4:	205d                	jal	324a <puts+0x626>
    31a6:	6150                	flw	fa2,4(a0)
    31a8:	7269                	lui	tp,0xffffa
    31aa:	6465                	lui	s0,0x19
    31ac:	4920                	lw	s0,80(a0)
    31ae:	3a44                	lbu	s1,21(a2)
    31b0:	7830                	flw	fa2,112(s0)
    31b2:	3025                	jal	29da <print+0x13a>
    31b4:	5834                	lw	a3,112(s0)
    31b6:	0a0d                	addi	s4,s4,3
    31b8:	0000                	unimp
    31ba:	0000                	unimp
    31bc:	5359535b          	0x5359535b
    31c0:	205d                	jal	3266 <puts+0x642>
    31c2:	4f4e                	lw	t5,208(sp)
    31c4:	2054                	lbu	a3,4(s0)
    31c6:	4150                	lw	a2,4(a0)
    31c8:	5249                	li	tp,-14
    31ca:	4445                	li	s0,17
    31cc:	202e                	lhu	a1,2(s0)
    31ce:	6f48                	flw	fa0,28(a4)
    31d0:	646c                	flw	fa1,76(s0)
    31d2:	6220                	flw	fs0,64(a2)
    31d4:	7475                	lui	s0,0xffffd
    31d6:	6f74                	flw	fa3,92(a4)
    31d8:	206e                	lhu	a1,6(s0)
    31da:	6f74                	flw	fa3,92(a4)
    31dc:	7020                	flw	fs0,96(s0)
    31de:	6961                	lui	s2,0x18
    31e0:	0d72                	slli	s10,s10,0x1c
    31e2:	0000                	unimp
    31e4:	5359535b          	0x5359535b
    31e8:	205d                	jal	328e <puts+0x66a>
    31ea:	6449                	lui	s0,0x12
    31ec:	656c                	flw	fa1,76(a0)
    31ee:	2820                	lbu	s0,18(s0)
    31f0:	6f48                	flw	fa0,28(a4)
    31f2:	646c                	flw	fa1,76(s0)
    31f4:	6220                	flw	fs0,64(a2)
    31f6:	6e74                	flw	fa3,92(a2)
    31f8:	703d                	c.lui	zero,0xfffef
    31fa:	6961                	lui	s2,0x18
    31fc:	2972                	lhu	a2,22(a0)
    31fe:	000d                	c.nop	3
    3200:	5359535b          	0x5359535b
    3204:	4554                	lw	a3,12(a0)
    3206:	5d4d                	li	s10,-13
    3208:	4920                	lw	s0,80(a0)
    320a:	696e                	flw	fs2,216(sp)
    320c:	2074                	lbu	a3,6(s0)
    320e:	654c                	flw	fa1,12(a0)
    3210:	6576                	flw	fa0,92(sp)
    3212:	3a6c                	lbu	a1,23(a2)
    3214:	2520                	lbu	s0,10(a0)
    3216:	2564                	lbu	s1,14(a0)
    3218:	0d25                	addi	s10,s10,9
    321a:	000a                	c.slli	zero,0x2
    321c:	5359535b          	0x5359535b
    3220:	205d                	jal	32c6 <puts+0x6a2>
    3222:	646e6143          	0x646e6143
    3226:	6469                	lui	s0,0x1a
    3228:	7461                	lui	s0,0xffff8
    322a:	2065                	jal	32d2 <puts+0x6ae>
    322c:	764c                	flw	fa1,44(a2)
    322e:	206c                	lbu	a1,6(s0)
    3230:	6425                	lui	s0,0x9
    3232:	2525                	jal	385a <_data_lma+0x56>
    3234:	6820                	flw	fs0,80(s0)
    3236:	20646c6f          	jal	s8,4943c <_data_lma+0x45c38>
    323a:	2528                	lbu	a0,10(a0)
    323c:	2f64                	lbu	s1,30(a4)
    323e:	6425                	lui	s0,0x9
    3240:	0d29                	addi	s10,s10,10
    3242:	000a                	c.slli	zero,0x2
    3244:	5359535b          	0x5359535b
    3248:	205d                	jal	32ee <puts+0x6ca>
    324a:	764c                	flw	fa1,44(a2)
    324c:	206c                	lbu	a1,6(s0)
    324e:	666e6f43          	fmadd.q	ft10,ft8,ft6,fa2,unknown
    3252:	7269                	lui	tp,0xffffa
    3254:	656d                	lui	a0,0x1b
    3256:	3a64                	lbu	s1,23(a2)
    3258:	2520                	lbu	s0,10(a0)
    325a:	2564                	lbu	s1,14(a0)
    325c:	2025                	jal	3284 <puts+0x660>
    325e:	3128                	lbu	a0,3(a0)
    3260:	4d2d                	li	s10,11
    3262:	6e69                	lui	t3,0x1a
    3264:	5420                	lw	s0,104(s0)
    3266:	6d69                	lui	s10,0x1a
    3268:	7265                	lui	tp,0xffff9
    326a:	5220                	lw	s0,96(a2)
    326c:	6c65                	lui	s8,0x19
    326e:	6564616f          	jal	sp,498c4 <_data_lma+0x460c0>
    3272:	2964                	lbu	s1,22(a0)
    3274:	0a0d                	addi	s4,s4,3
    3276:	0000                	unimp
    3278:	5359535b          	0x5359535b
    327c:	205d                	jal	3322 <puts+0x6fe>
    327e:	654e                	flw	fa0,208(sp)
    3280:	61432077          	0x61432077
    3284:	646e                	flw	fs0,216(sp)
    3286:	6469                	lui	s0,0x1a
    3288:	7461                	lui	s0,0xffff8
    328a:	2065                	jal	3332 <puts+0x70e>
    328c:	764c                	flw	fa1,44(a2)
    328e:	206c                	lbu	a1,6(s0)
    3290:	6425                	lui	s0,0x9
    3292:	2525                	jal	38ba <_data_lma+0xb6>
    3294:	2820                	lbu	s0,18(s0)
    3296:	2f31                	jal	39b2 <_data_lma+0x1ae>
    3298:	6425                	lui	s0,0x9
    329a:	2029                	jal	32a4 <puts+0x680>
    329c:	3128                	lbu	a0,3(a0)
    329e:	4d2d                	li	s10,11
    32a0:	6e69                	lui	t3,0x1a
    32a2:	5420                	lw	s0,104(s0)
    32a4:	6d69                	lui	s10,0x1a
    32a6:	7265                	lui	tp,0xffff9
    32a8:	5220                	lw	s0,96(a2)
    32aa:	6c65                	lui	s8,0x19
    32ac:	6564616f          	jal	sp,49902 <_data_lma+0x460fe>
    32b0:	2964                	lbu	s1,22(a0)
    32b2:	0a0d                	addi	s4,s4,3
    32b4:	0000                	unimp
    32b6:	0000                	unimp
    32b8:	5441425b          	0x5441425b
    32bc:	205d                	jal	3362 <puts+0x73e>
    32be:	6142                	flw	ft2,16(sp)
    32c0:	7474                	flw	fa3,108(s0)
    32c2:	7265                	lui	tp,0xffff9
    32c4:	2079                	jal	3352 <puts+0x72e>
    32c6:	656c                	flw	fa1,76(a0)
    32c8:	6576                	flw	fa0,92(sp)
    32ca:	3a6c                	lbu	a1,23(a2)
    32cc:	2520                	lbu	s0,10(a0)
    32ce:	2564                	lbu	s1,14(a0)
    32d0:	0d25                	addi	s10,s10,9
    32d2:	000a                	c.slli	zero,0x2
    32d4:	5d58545b          	0x5d58545b
    32d8:	2520                	lbu	s0,10(a0)
    32da:	65532073          	csrs	0x655,t1
    32de:	3a71                	jal	2c7a <puts+0x56>
    32e0:	6c25                	lui	s8,0x9
    32e2:	2075                	jal	338e <puts+0x76a>
    32e4:	3a4c                	lbu	a1,21(a2)
    32e6:	6425                	lui	s0,0x9
    32e8:	2525                	jal	3910 <_data_lma+0x10c>
    32ea:	2820                	lbu	s0,18(s0)
    32ec:	656b6157          	0x656b6157
    32f0:	253a                	lhu	a4,10(a0)
    32f2:	2f64                	lbu	s1,30(a4)
    32f4:	42202933          	0x42202933
    32f8:	253a                	lhu	a4,10(a0)
    32fa:	2564                	lbu	s1,14(a0)
    32fc:	2025                	jal	3324 <puts+0x700>
    32fe:	3a51                	jal	2c92 <puts+0x6e>
    3300:	7525                	lui	a0,0xfffe9
    3302:	2525                	jal	392a <_data_lma+0x126>
    3304:	5220                	lw	s0,96(a2)
    3306:	253a                	lhu	a4,10(a0)
    3308:	2075                	jal	33b4 <puts+0x790>
    330a:	3a46                	lhu	s1,52(a2)
    330c:	6425                	lui	s0,0x9
    330e:	0a0d                	addi	s4,s4,3
    3310:	0000                	unimp
    3312:	0000                	unimp
    3314:	5359535b          	0x5359535b
    3318:	205d                	jal	33be <puts+0x79a>
    331a:	6341                	lui	t1,0x10
    331c:	6974                	flw	fa3,84(a0)
    331e:	6576                	flw	fa0,92(sp)
    3320:	4620                	lw	s0,72(a2)
    3322:	6c69                	lui	s8,0x1a
    3324:	696c                	flw	fa1,84(a0)
    3326:	676e                	flw	fa4,216(sp)
    3328:	5720                	lw	s0,104(a4)
    332a:	6e69                	lui	t3,0x1a
    332c:	6f64                	flw	fs1,92(a4)
    332e:	74532077          	0x74532077
    3332:	7261                	lui	tp,0xffff8
    3334:	6574                	flw	fa3,76(a0)
    3336:	2064                	lbu	s1,6(s0)
    3338:	3628                	lbu	a0,11(a2)
    333a:	7330                	flw	fa2,96(a4)
    333c:	4620                	lw	s0,72(a2)
    333e:	7361                	lui	t1,0xffff8
    3340:	2074                	lbu	a3,6(s0)
    3342:	6f4d                	lui	t5,0x13
    3344:	6564                	flw	fs1,76(a0)
    3346:	0d29                	addi	s10,s10,10
    3348:	0000                	unimp
    334a:	0000                	unimp
    334c:	5d58545b          	0x5d58545b
    3350:	4e20                	lw	s0,88(a2)
    3352:	4341204f          	fnmadd.d	ft0,ft2,fs4,fs0,rdn
    3356:	6e6f204b          	fnmsub.q	ft0,ft10,ft6,fa3,rdn
    335a:	7720                	flw	fs0,104(a4)
    335c:	6b61                	lui	s6,0x18
    335e:	2065                	jal	3406 <puts+0x7e2>
    3360:	7461                	lui	s0,0xffff8
    3362:	6574                	flw	fa3,76(a0)
    3364:	706d                	c.lui	zero,0xffffb
    3366:	2074                	lbu	a3,6(s0)
    3368:	6425                	lui	s0,0x9
    336a:	6120332f          	0x6120332f
    336e:	7466                	flw	fs0,120(sp)
    3370:	7265                	lui	tp,0xffff9
    3372:	2520                	lbu	s0,10(a0)
    3374:	2064                	lbu	s1,6(s0)
    3376:	6572                	flw	fa0,28(sp)
    3378:	7274                	flw	fa3,100(a2)
    337a:	6569                	lui	a0,0x1a
    337c:	000a0d73          	0xa0d73
    3380:	5359535b          	0x5359535b
    3384:	205d                	jal	342a <puts+0x806>
    3386:	61772033          	0x61772033
    338a:	6120656b          	0x6120656b
    338e:	7474                	flw	fa3,108(s0)
    3390:	6d65                	lui	s10,0x19
    3392:	7470                	flw	fa2,108(s0)
    3394:	6f642073          	csrs	0x6f6,s0
    3398:	656e                	flw	fa0,216(sp)
    339a:	7720                	flw	fs0,104(a4)
    339c:	7469                	lui	s0,0xffffa
    339e:	6f68                	flw	fa0,92(a4)
    33a0:	7475                	lui	s0,0xffffd
    33a2:	4120                	lw	s0,64(a0)
    33a4:	202e4b43          	fmadd.s	fs6,ft8,ft2,ft4,rmm
    33a8:	654c                	flw	fa1,12(a0)
    33aa:	6576                	flw	fa0,92(sp)
    33ac:	206c                	lbu	a1,6(s0)
    33ae:	6425                	lui	s0,0x9
    33b0:	2525                	jal	39d8 <_data_lma+0x1d4>
    33b2:	7320                	flw	fs0,96(a4)
    33b4:	6f74                	flw	fa3,92(a4)
    33b6:	7070                	flw	fa2,100(s0)
    33b8:	6465                	lui	s0,0x19
    33ba:	0d2e                	slli	s10,s10,0xb
    33bc:	000a                	c.slli	zero,0x2
    33be:	0000                	unimp
    33c0:	5359535b          	0x5359535b
    33c4:	205d                	jal	346a <puts+0x846>
    33c6:	6f4e                	flw	ft10,208(sp)
    33c8:	2074                	lbu	a3,6(s0)
    33ca:	6170                	flw	fa2,68(a0)
    33cc:	7269                	lui	tp,0xffffa
    33ce:	6465                	lui	s0,0x19
    33d0:	202e                	lhu	a1,2(s0)
    33d2:	6f48                	flw	fa0,28(a4)
    33d4:	646c                	flw	fa1,76(s0)
    33d6:	6220                	flw	fs0,64(a2)
    33d8:	7475                	lui	s0,0xffffd
    33da:	6f74                	flw	fa3,92(a4)
    33dc:	206e                	lhu	a1,6(s0)
    33de:	6f74                	flw	fa3,92(a4)
    33e0:	7020                	flw	fs0,96(s0)
    33e2:	6961                	lui	s2,0x18
    33e4:	2e72                	lhu	a2,30(a2)
    33e6:	000d                	c.nop	3
    33e8:	5359535b          	0x5359535b
    33ec:	205d                	jal	3492 <puts+0x86e>
    33ee:	7254                	flw	fa3,36(a2)
    33f0:	6e61                	lui	t3,0x18
    33f2:	69746973          	csrrsi	s2,0x697,8
    33f6:	53206e6f          	jal	t3,9928 <_data_lma+0x6124>
    33fa:	6174                	flw	fa3,68(a0)
    33fc:	6574                	flw	fa3,76(a0)
    33fe:	203a                	lhu	a4,2(s0)
    3400:	6146                	flw	ft2,80(sp)
    3402:	53207473          	csrrci	s0,0x532,0
    3406:	656c                	flw	fa1,76(a0)
    3408:	7065                	c.lui	zero,0xffff9
    340a:	2520                	lbu	s0,10(a0)
    340c:	7364                	flw	fs1,100(a4)
    340e:	2820                	lbu	s0,18(s0)
    3410:	646e6143          	0x646e6143
    3414:	6469                	lui	s0,0x1a
    3416:	7461                	lui	s0,0xffff8
    3418:	2065                	jal	34c0 <puts+0x89c>
    341a:	6425                	lui	s0,0x9
    341c:	2525                	jal	3a44 <_data_lma+0x240>
    341e:	6820                	flw	fs0,80(s0)
    3420:	20646c6f          	jal	s8,49626 <_data_lma+0x45e22>
    3424:	6425                	lui	s0,0x9
    3426:	2964252f          	0x2964252f
    342a:	0a0d                	addi	s4,s4,3
    342c:	0000                	unimp
    342e:	0000                	unimp
    3430:	5359535b          	0x5359535b
    3434:	205d                	jal	34da <puts+0x8b6>
    3436:	6341                	lui	t1,0x10
    3438:	6974                	flw	fa3,84(a0)
    343a:	6576                	flw	fa0,92(sp)
    343c:	4620                	lw	s0,72(a2)
    343e:	6c69                	lui	s8,0x1a
    3440:	696c                	flw	fa1,84(a0)
    3442:	676e                	flw	fa4,216(sp)
    3444:	4d20                	lw	s0,88(a0)
    3446:	3a65646f          	jal	s0,597ec <_data_lma+0x55fe8>
    344a:	4620                	lw	s0,72(a2)
    344c:	7361                	lui	t1,0xffff8
    344e:	2074                	lbu	a3,6(s0)
    3450:	65656c53          	0x65656c53
    3454:	2070                	lbu	a2,6(s0)
    3456:	6425                	lui	s0,0x9
    3458:	48282073          	csrs	0x482,a6
    345c:	20646c6f          	jal	s8,49662 <_data_lma+0x45e5e>
    3460:	6425                	lui	s0,0x9
    3462:	65722073          	csrs	0x657,tp
    3466:	616d                	addi	sp,sp,240
    3468:	6e69                	lui	t3,0x1a
    346a:	6e69                	lui	t3,0x1a
    346c:	0a0d2967          	0xa0d2967
    3470:	0000                	unimp
    3472:	0000                	unimp
    3474:	5359535b          	0x5359535b
    3478:	205d                	jal	351e <puts+0x8fa>
    347a:	61657453          	0x61657453
    347e:	7964                	flw	fs1,116(a0)
    3480:	5320                	lw	s0,96(a4)
    3482:	6174                	flw	fa3,68(a0)
    3484:	6574                	flw	fa3,76(a0)
    3486:	203a                	lhu	a4,2(s0)
    3488:	65656c53          	0x65656c53
    348c:	2070                	lbu	a2,6(s0)
    348e:	6425                	lui	s0,0x9
    3490:	000a0d73          	0xa0d73
    3494:	2d2d                	jal	3ace <_data_lma+0x2ca>
    3496:	2d2d                	jal	3ad0 <_data_lma+0x2cc>
    3498:	2d2d                	jal	3ad2 <_data_lma+0x2ce>
    349a:	2d2d                	jal	3ad4 <_data_lma+0x2d0>
    349c:	2d2d                	jal	3ad6 <_data_lma+0x2d2>
    349e:	000d                	c.nop	3
    34a0:	5359535b          	0x5359535b
    34a4:	4554                	lw	a3,12(a0)
    34a6:	5d4d                	li	s10,-13
    34a8:	4220                	lw	s0,64(a2)
    34aa:	7475                	lui	s0,0xffffd
    34ac:	6f74                	flw	fa3,92(a4)
    34ae:	206e                	lhu	a1,6(s0)
    34b0:	7250                	flw	fa2,36(a2)
    34b2:	7365                	lui	t1,0xffff9
    34b4:	0d646573          	csrrsi	a0,0xd6,8
    34b8:	0000                	unimp
    34ba:	0000                	unimp
    34bc:	6e49                	lui	t3,0x12
    34be:	6574                	flw	fa3,76(a0)
    34c0:	6e72                	flw	ft8,28(sp)
    34c2:	6c61                	lui	s8,0x18
    34c4:	7256                	flw	ft4,116(sp)
    34c6:	6665                	lui	a2,0x19
    34c8:	0000                	unimp
    34ca:	0000                	unimp
    34cc:	5441425b          	0x5441425b
    34d0:	205d                	jal	3576 <puts+0x952>
    34d2:	6c25                	lui	s8,0x9
    34d4:	6d75                	lui	s10,0x1d
    34d6:	2056                	lhu	a3,4(s0)
    34d8:	2528                	lbu	a0,10(a0)
    34da:	52202c73          	csrr	s8,0x522
    34de:	7761                	lui	a4,0xffff8
    34e0:	253a                	lhu	a4,10(a0)
    34e2:	2564                	lbu	s1,14(a0)
    34e4:	2925                	jal	391c <_data_lma+0x118>
    34e6:	0a0d                	addi	s4,s4,3
    34e8:	0000                	unimp
    34ea:	0000                	unimp
    34ec:	5441425b          	0x5441425b
    34f0:	205d                	jal	3596 <puts+0x972>
    34f2:	6e49                	lui	t3,0x12
    34f4:	7469                	lui	s0,0xffffa
    34f6:	203a                	lhu	a4,2(s0)
    34f8:	6425                	lui	s0,0x9
    34fa:	2525                	jal	3b22 <_data_lma+0x31e>
    34fc:	0a0d                	addi	s4,s4,3
    34fe:	0000                	unimp
    3500:	5441425b          	0x5441425b
    3504:	205d                	jal	35aa <puts+0x986>
    3506:	654e                	flw	fa0,208(sp)
    3508:	61422077          	0x61422077
    350c:	7474                	flw	fa3,108(s0)
    350e:	7265                	lui	tp,0xffff9
    3510:	2079                	jal	359e <puts+0x97a>
    3512:	6552                	flw	fa0,20(sp)
    3514:	6c70                	flw	fa2,92(s0)
    3516:	6361                	lui	t1,0x18
    3518:	6465                	lui	s0,0x19
    351a:	2021                	jal	3522 <puts+0x8fe>
    351c:	6948                	flw	fa0,20(a0)
    351e:	4a206867          	0x4a206867
    3522:	6d75                	lui	s10,0x1d
    3524:	3a70                	lbu	a2,23(a2)
    3526:	2520                	lbu	s0,10(a0)
    3528:	2564                	lbu	s1,14(a0)
    352a:	0d25                	addi	s10,s10,9
    352c:	000a                	c.slli	zero,0x2
    352e:	0000                	unimp
    3530:	5441425b          	0x5441425b
    3534:	205d                	jal	35da <puts+0x9b6>
    3536:	6946                	flw	fs2,80(sp)
    3538:	746c                	flw	fa1,108(s0)
    353a:	7265                	lui	tp,0xffff9
    353c:	6465                	lui	s0,0x19
    353e:	203a                	lhu	a4,2(s0)
    3540:	6425                	lui	s0,0x9
    3542:	2525                	jal	3b6a <_data_lma+0x366>
    3544:	0a0d                	addi	s4,s4,3
    3546:	0000                	unimp
    3548:	4f52505b          	0x4f52505b
    354c:	4542                	lw	a0,16(sp)
    354e:	52205d53          	0x52205d53
    3552:	7761                	lui	a4,0xffff8
    3554:	6820                	flw	fs0,80(s0)
    3556:	7469                	lui	s0,0xffffa
    3558:	6f282073          	csrs	0x6f2,a6
    355c:	7475                	lui	s0,0xffffd
    355e:	6f20                	flw	fs0,88(a4)
    3560:	2066                	lhu	s1,6(s0)
    3562:	6425                	lui	s0,0x9
    3564:	3a29                	jal	2e7e <puts+0x25a>
    3566:	5b20                	lw	s0,112(a4)
    3568:	3532                	lhu	a2,42(a0)
    356a:	2525                	jal	3b92 <_data_lma+0x38e>
    356c:	3a5d                	jal	2f22 <puts+0x2fe>
    356e:	6425                	lui	s0,0x9
    3570:	5b20                	lw	s0,112(a4)
    3572:	3035                	jal	2d9e <puts+0x17a>
    3574:	2525                	jal	3b9c <_data_lma+0x398>
    3576:	3a5d                	jal	2f2c <puts+0x308>
    3578:	6425                	lui	s0,0x9
    357a:	5b20                	lw	s0,112(a4)
    357c:	25253537          	lui	a0,0x25253
    3580:	3a5d                	jal	2f36 <puts+0x312>
    3582:	6425                	lui	s0,0x9
    3584:	5b20                	lw	s0,112(a4)
    3586:	3031                	jal	2d92 <puts+0x16e>
    3588:	2530                	lbu	a2,10(a0)
    358a:	5d25                	li	s10,-23
    358c:	253a                	lhu	a4,10(a0)
    358e:	0d64                	addi	s1,sp,668
    3590:	000a                	c.slli	zero,0x2
    3592:	0000                	unimp
    3594:	5441445b          	0x5441445b
    3598:	5d41                	li	s10,-16
    359a:	5420                	lw	s0,104(s0)
    359c:	6e61                	lui	t3,0x18
    359e:	654c206b          	0x654c206b
    35a2:	6576                	flw	fa0,92(sp)
    35a4:	3a6c                	lbu	a1,23(a2)
    35a6:	2520                	lbu	s0,10(a0)
    35a8:	2564                	lbu	s1,14(a0)
    35aa:	0d25                	addi	s10,s10,9
    35ac:	000a                	c.slli	zero,0x2
    35ae:	0000                	unimp
    35b0:	0a0d                	addi	s4,s4,3
    35b2:	4941505b          	0x4941505b
    35b6:	5d52                	lw	s10,52(sp)
    35b8:	4e20                	lw	s0,88(a2)
    35ba:	7765                	lui	a4,0xffff9
    35bc:	4449                	li	s0,18
    35be:	303a                	lhu	a4,34(s0)
    35c0:	2578                	lbu	a4,14(a0)
    35c2:	3430                	lbu	a2,11(s0)
    35c4:	0d58                	addi	a4,sp,660
    35c6:	000a                	c.slli	zero,0x2
    35c8:	4941505b          	0x4941505b
    35cc:	5d52                	lw	s10,52(sp)
    35ce:	4c20                	lw	s0,88(s0)
    35d0:	6c76                	flw	fs8,92(sp)
    35d2:	253a                	lhu	a4,10(a0)
    35d4:	2064                	lbu	s1,6(s0)
    35d6:	6552                	flw	fa0,20(sp)
    35d8:	6461                	lui	s0,0x18
    35da:	6e69                	lui	t3,0x1a
    35dc:	61622067          	0x61622067
    35e0:	2e74                	lbu	a3,30(a2)
    35e2:	2e2e                	lhu	a1,26(a2)
    35e4:	0a0d                	addi	s4,s4,3
    35e6:	0000                	unimp
    35e8:	4941505b          	0x4941505b
    35ec:	5d52                	lw	s10,52(sp)
    35ee:	4220                	lw	s0,64(a2)
    35f0:	7461                	lui	s0,0xffff8
    35f2:	253a                	lhu	a4,10(a0)
    35f4:	0d64                	addi	s1,sp,668
    35f6:	000a                	c.slli	zero,0x2
    35f8:	4941505b          	0x4941505b
    35fc:	5d52                	lw	s10,52(sp)
    35fe:	5020                	lw	s0,96(s0)
    3600:	203a746b          	0x203a746b
    3604:	0000                	unimp
    3606:	0000                	unimp
    3608:	3025                	jal	2e30 <puts+0x20c>
    360a:	5832                	lw	a6,44(sp)
    360c:	0020                	addi	s0,sp,8
    360e:	0000                	unimp
    3610:	3a435243          	fmadd.d	ft4,ft6,ft4,ft7,unknown
    3614:	3025                	jal	2e3c <puts+0x218>
    3616:	5832                	lw	a6,44(sp)
    3618:	0a0d                	addi	s4,s4,3
    361a:	0000                	unimp
    361c:	4941505b          	0x4941505b
    3620:	5d52                	lw	s10,52(sp)
    3622:	4220                	lw	s0,64(a2)
    3624:	74736163          	bltu	t1,t2,3d66 <_data_lma+0x562>
    3628:	2520                	lbu	s0,10(a0)
    362a:	6d64                	flw	fs1,92(a0)
    362c:	6e69                	lui	t3,0x1a
    362e:	6220                	flw	fs0,64(a2)
    3630:	7275                	lui	tp,0xffffd
    3632:	3a737473          	csrrci	s0,0x3a7,6
    3636:	6425                	lui	s0,0x9
    3638:	6120                	flw	fs0,64(a0)
    363a:	253a6b63          	bltu	s4,s3,3890 <_data_lma+0x8c>
    363e:	6d64                	flw	fs1,92(a0)
    3640:	000a0d73          	0xa0d73
    3644:	4941505b          	0x4941505b
    3648:	5d52                	lw	s10,52(sp)
    364a:	5420                	lw	s0,104(s0)
    364c:	6d69                	lui	s10,0x1a
    364e:	6f65                	lui	t5,0x19
    3650:	7475                	lui	s0,0xffffd
    3652:	7220                	flw	fs0,96(a2)
    3654:	6165                	addi	sp,sp,112
    3656:	64656863          	bltu	a0,t1,3ca6 <_data_lma+0x4a2>
    365a:	6120                	flw	fs0,64(a0)
    365c:	7466                	flw	fs0,120(sp)
    365e:	7265                	lui	tp,0xffff9
    3660:	2520                	lbu	s0,10(a0)
    3662:	2064                	lbu	s1,6(s0)
    3664:	696d                	lui	s2,0x1b
    3666:	736e                	flw	ft6,248(sp)
    3668:	0a0d                	addi	s4,s4,3
    366a:	0000                	unimp
    366c:	4941505b          	0x4941505b
    3670:	5d52                	lw	s10,52(sp)
    3672:	5220                	lw	s0,96(a2)
    3674:	3a58                	lbu	a4,21(a2)
    3676:	5320                	lw	s0,96(a4)
    3678:	253d                	jal	3ca6 <_data_lma+0x4a2>
    367a:	3230                	lbu	a2,3(a2)
    367c:	2558                	lbu	a4,12(a0)
    367e:	3230                	lbu	a2,3(a2)
    3680:	2058                	lbu	a4,4(s0)
    3682:	3d54                	lbu	a3,29(a0)
    3684:	3025                	jal	2eac <puts+0x288>
    3686:	5832                	lw	a6,44(sp)
    3688:	0a0d                	addi	s4,s4,3
    368a:	0000                	unimp
    368c:	4941505b          	0x4941505b
    3690:	5d52                	lw	s10,52(sp)
    3692:	4e20                	lw	s0,88(a2)
    3694:	636e7953          	0x636e7953
    3698:	5220                	lw	s0,96(a2)
    369a:	4449                	li	s0,18
    369c:	303a                	lhu	a4,34(s0)
    369e:	2578                	lbu	a4,14(a0)
    36a0:	3430                	lbu	a2,11(s0)
    36a2:	2058                	lbu	a4,4(s0)
    36a4:	594d                	li	s2,-13
    36a6:	303a                	lhu	a4,34(s0)
    36a8:	2578                	lbu	a4,14(a0)
    36aa:	3430                	lbu	a2,11(s0)
    36ac:	2058                	lbu	a4,4(s0)
    36ae:	74617453          	0x74617453
    36b2:	7375                	lui	t1,0xffffd
    36b4:	253d                	jal	3ce2 <_data_lma+0x4de>
    36b6:	2064                	lbu	s1,6(s0)
    36b8:	746f6c53          	0x746f6c53
    36bc:	253d                	jal	3cea <_data_lma+0x4e6>
    36be:	0d64                	addi	s1,sp,668
    36c0:	000a                	c.slli	zero,0x2
    36c2:	0000                	unimp
    36c4:	4941505b          	0x4941505b
    36c8:	5d52                	lw	s10,52(sp)
    36ca:	f020                	fsw	fs0,96(s0)
    36cc:	8e9f 2089 414d      	0x414d20898e9f
    36d2:	4354                	lw	a3,4(a4)
    36d4:	4548                	lw	a0,12(a0)
    36d6:	2144                	lbu	s1,4(a0)
    36d8:	5020                	lw	s0,96(s0)
    36da:	6961                	lui	s2,0x18
    36dc:	6572                	flw	fa0,28(sp)
    36de:	2064                	lbu	s1,6(s0)
    36e0:	68746977          	0x68746977
    36e4:	5320                	lw	s0,96(a4)
    36e6:	6f6c                	flw	fa1,92(a4)
    36e8:	2074                	lbu	a3,6(s0)
    36ea:	6425                	lui	s0,0x9
    36ec:	202c                	lbu	a1,2(s0)
    36ee:	706f7453          	0x706f7453
    36f2:	6970                	flw	fa2,84(a0)
    36f4:	676e                	flw	fa4,216(sp)
    36f6:	5020                	lw	s0,96(s0)
    36f8:	6961                	lui	s2,0x18
    36fa:	6972                	flw	fs2,28(sp)
    36fc:	676e                	flw	fa4,216(sp)
    36fe:	4c20                	lw	s0,88(s0)
    3700:	2e706f6f          	jal	t5,a1e6 <_data_lma+0x69e2>
    3704:	0a0d                	addi	s4,s4,3
    3706:	0000                	unimp
    3708:	4941505b          	0x4941505b
    370c:	5d52                	lw	s10,52(sp)
    370e:	4920                	lw	s0,80(a0)
    3710:	766e                	flw	fa2,248(sp)
    3712:	636e7953          	0x636e7953
    3716:	5220                	lw	s0,96(a2)
    3718:	4449                	li	s0,18
    371a:	303a                	lhu	a4,34(s0)
    371c:	2578                	lbu	a4,14(a0)
    371e:	3430                	lbu	a2,11(s0)
    3720:	2058                	lbu	a4,4(s0)
    3722:	594d                	li	s2,-13
    3724:	303a                	lhu	a4,34(s0)
    3726:	2578                	lbu	a4,14(a0)
    3728:	3430                	lbu	a2,11(s0)
    372a:	2058                	lbu	a4,4(s0)
    372c:	74617453          	0x74617453
    3730:	7375                	lui	t1,0xffffd
    3732:	253d                	jal	3d60 <_data_lma+0x55c>
    3734:	2064                	lbu	s1,6(s0)
    3736:	746f6c53          	0x746f6c53
    373a:	253d                	jal	3d68 <_data_lma+0x564>
    373c:	0d64                	addi	s1,sp,668
    373e:	000a                	c.slli	zero,0x2
    3740:	4941505b          	0x4941505b
    3744:	5d52                	lw	s10,52(sp)
    3746:	f020                	fsw	fs0,96(s0)
    3748:	8e9f 2089 414d      	0x414d20898e9f
    374e:	4354                	lw	a3,4(a4)
    3750:	4548                	lw	a0,12(a0)
    3752:	2844                	lbu	s1,20(s0)
    3754:	6e49                	lui	t3,0x12
    3756:	2976                	lhu	a3,22(a0)
    3758:	2021                	jal	3760 <puts+0xb3c>
    375a:	6150                	flw	fa2,4(a0)
    375c:	7269                	lui	tp,0xffffa
    375e:	6465                	lui	s0,0x19
    3760:	7720                	flw	fs0,104(a4)
    3762:	7469                	lui	s0,0xffffa
    3764:	2068                	lbu	a0,6(s0)
    3766:	746f6c53          	0x746f6c53
    376a:	2520                	lbu	s0,10(a0)
    376c:	2c64                	lbu	s1,30(s0)
    376e:	5320                	lw	s0,96(a4)
    3770:	6f74                	flw	fa3,92(a4)
    3772:	7070                	flw	fa2,100(s0)
    3774:	6e69                	lui	t3,0x1a
    3776:	61502067          	0x61502067
    377a:	7269                	lui	tp,0xffffa
    377c:	6e69                	lui	t3,0x1a
    377e:	6f4c2067          	0x6f4c2067
    3782:	0d2e706f          	j	ea854 <_data_lma+0xe7050>
    3786:	000a                	c.slli	zero,0x2
    3788:	4941505b          	0x4941505b
    378c:	5d52                	lw	s10,52(sp)
    378e:	4420                	lw	s0,72(s0)
    3790:	0d454e4f          	0xd454e4f
    3794:	0000                	unimp
    3796:	0000                	unimp
    3798:	4941505b          	0x4941505b
    379c:	5d52                	lw	s10,52(sp)
    379e:	4620                	lw	s0,72(a2)
    37a0:	4941                	li	s2,16
    37a2:	204c                	lbu	a1,4(s0)
    37a4:	6661                	lui	a2,0x18
    37a6:	6574                	flw	fa3,76(a0)
    37a8:	2072                	lhu	a2,6(s0)
    37aa:	6425                	lui	s0,0x9
    37ac:	7420                	flw	fs0,104(s0)
    37ae:	6972                	flw	fs2,28(sp)
    37b0:	7365                	lui	t1,0xffff9
    37b2:	0a0d                	addi	s4,s4,3
    37b4:	0000                	unimp
    37b6:	0000                	unimp
    37b8:	5d58545b          	0x5d58545b
    37bc:	5320                	lw	s0,96(a4)
    37be:	7165                	addi	sp,sp,-400
    37c0:	253a                	lhu	a4,10(a0)
    37c2:	756c                	flw	fa1,108(a0)
    37c4:	7420                	flw	fs0,104(s0)
    37c6:	7972                	flw	fs2,60(sp)
    37c8:	253a                	lhu	a4,10(a0)
    37ca:	0d64                	addi	s1,sp,668
    37cc:	000a                	c.slli	zero,0x2
    37ce:	0000                	unimp
    37d0:	4b43415b          	0x4b43415b
    37d4:	205d                	jal	387a <_data_lma+0x76>
    37d6:	74204b4f          	0x74204b4f
    37da:	7972                	flw	fs2,60(sp)
    37dc:	253a                	lhu	a4,10(a0)
    37de:	0d64                	addi	s1,sp,668
    37e0:	000a                	c.slli	zero,0x2
    37e2:	0000                	unimp
    37e4:	4b43415b          	0x4b43415b
    37e8:	205d                	jal	388e <_data_lma+0x8a>
    37ea:	69284b4f          	fnmadd.s	fs6,fa6,fs2,fa3,rmm
    37ee:	766e                	flw	fa2,248(sp)
    37f0:	2029                	jal	37fa <puts+0xbd6>
    37f2:	7274                	flw	fa3,100(a2)
    37f4:	3a79                	jal	3192 <puts+0x56e>
    37f6:	6425                	lui	s0,0x9
    37f8:	0a0d                	addi	s4,s4,3
    37fa:	0000                	unimp
    37fc:	6e28                	flw	fa0,88(a2)
    37fe:	6c75                	lui	s8,0x1d
    3800:	296c                	lbu	a1,22(a0)
	...
